-- MySQL dump 10.13  Distrib 5.5.34, for osx10.6 (i386)
--
-- Host: localhost    Database: compardk_dev
-- ------------------------------------------------------
-- Server version	5.5.34

/*!40101 SET @OLD_CHARACTER_SET_CLIENT=@@CHARACTER_SET_CLIENT */;
/*!40101 SET @OLD_CHARACTER_SET_RESULTS=@@CHARACTER_SET_RESULTS */;
/*!40101 SET @OLD_COLLATION_CONNECTION=@@COLLATION_CONNECTION */;
/*!40101 SET NAMES utf8 */;
/*!40103 SET @OLD_TIME_ZONE=@@TIME_ZONE */;
/*!40103 SET TIME_ZONE='+00:00' */;
/*!40014 SET @OLD_UNIQUE_CHECKS=@@UNIQUE_CHECKS, UNIQUE_CHECKS=0 */;
/*!40014 SET @OLD_FOREIGN_KEY_CHECKS=@@FOREIGN_KEY_CHECKS, FOREIGN_KEY_CHECKS=0 */;
/*!40101 SET @OLD_SQL_MODE=@@SQL_MODE, SQL_MODE='NO_AUTO_VALUE_ON_ZERO' */;
/*!40111 SET @OLD_SQL_NOTES=@@SQL_NOTES, SQL_NOTES=0 */;

--
-- Table structure for table `access_logs`
--

DROP TABLE IF EXISTS `access_logs`;
/*!40101 SET @saved_cs_client     = @@character_set_client */;
/*!40101 SET character_set_client = utf8 */;
CREATE TABLE `access_logs` (
  `id` int(11) NOT NULL AUTO_INCREMENT,
  `user_id` int(11) NOT NULL,
  `ip_address` varchar(15) NOT NULL,
  `module` varchar(45) NOT NULL,
  `action` varchar(45) NOT NULL,
  `entry` timestamp NOT NULL DEFAULT CURRENT_TIMESTAMP,
  `exit` timestamp NOT NULL DEFAULT '0000-00-00 00:00:00',
  PRIMARY KEY (`id`)
) ENGINE=InnoDB DEFAULT CHARSET=utf8;
/*!40101 SET character_set_client = @saved_cs_client */;

--
-- Dumping data for table `access_logs`
--

LOCK TABLES `access_logs` WRITE;
/*!40000 ALTER TABLE `access_logs` DISABLE KEYS */;
/*!40000 ALTER TABLE `access_logs` ENABLE KEYS */;
UNLOCK TABLES;

--
-- Table structure for table `attributes`
--

DROP TABLE IF EXISTS `attributes`;
/*!40101 SET @saved_cs_client     = @@character_set_client */;
/*!40101 SET character_set_client = utf8 */;
CREATE TABLE `attributes` (
  `id` int(11) NOT NULL AUTO_INCREMENT,
  `type` varchar(120) CHARACTER SET utf8 COLLATE utf8_unicode_ci NOT NULL DEFAULT 'filter',
  `name` varchar(120) CHARACTER SET utf8 COLLATE utf8_unicode_ci DEFAULT NULL,
  `value` text CHARACTER SET utf8 COLLATE utf8_unicode_ci,
  `property` text,
  `is_required` tinyint(1) DEFAULT '1',
  `status` tinyint(1) NOT NULL DEFAULT '0',
  `created` timestamp NOT NULL DEFAULT '0000-00-00 00:00:00',
  `modified` timestamp NOT NULL DEFAULT CURRENT_TIMESTAMP,
  PRIMARY KEY (`id`),
  UNIQUE KEY `name_uk` (`name`)
) ENGINE=InnoDB AUTO_INCREMENT=44 DEFAULT CHARSET=utf8;
/*!40101 SET character_set_client = @saved_cs_client */;

--
-- Dumping data for table `attributes`
--

LOCK TABLES `attributes` WRITE;
/*!40000 ALTER TABLE `attributes` DISABLE KEYS */;
INSERT INTO `attributes` VALUES (1,'option','cardProvider','test','',1,0,'2014-04-04 02:14:23','2014-06-19 05:49:48'),(2,'option','cardType','MasterCards','',1,0,'2014-04-04 02:14:23','2014-06-25 19:03:59'),(3,'option','currency','DKK','',1,0,'2014-04-04 02:14:23','2014-06-25 19:27:12'),(4,'option','cashBackRewardsRetail','0','{\"group\": [\"rewards\", \"cashBackRewards\"], \"custom\": \"retail\"}',1,1,'2014-04-04 02:14:23','2014-04-04 02:14:23'),(41,'option','keyBenefit2','test13','{\"group\": \"keyBenefits\", \"custom\": \"keyBene2\"}',1,1,'2014-05-22 02:17:46','2014-06-10 23:28:00'),(42,'option','keyBenefit1','test12','{\"group\": \"keyBenefits\"}',1,1,'2014-05-22 02:17:46','2014-06-10 23:06:23'),(43,'option','keyBenefit3','Egen personlig rådgiver','{\"group\": \"keyBenefits\"}',1,1,'0000-00-00 00:00:00','2014-06-09 06:49:43');
/*!40000 ALTER TABLE `attributes` ENABLE KEYS */;
UNLOCK TABLES;

--
-- Table structure for table `channels`
--

DROP TABLE IF EXISTS `channels`;
/*!40101 SET @saved_cs_client     = @@character_set_client */;
/*!40101 SET character_set_client = utf8 */;
CREATE TABLE `channels` (
  `id` int(11) NOT NULL AUTO_INCREMENT,
  `name` varchar(55) CHARACTER SET utf8 COLLATE utf8_unicode_ci NOT NULL,
  `overview` text CHARACTER SET utf8 COLLATE utf8_unicode_ci,
  `alias` varchar(50) CHARACTER SET utf8 COLLATE utf8_unicode_ci NOT NULL,
  `status` tinyint(1) NOT NULL DEFAULT '0',
  `created` timestamp NOT NULL DEFAULT '0000-00-00 00:00:00',
  `modified` timestamp NOT NULL DEFAULT CURRENT_TIMESTAMP ON UPDATE CURRENT_TIMESTAMP,
  PRIMARY KEY (`id`)
) ENGINE=InnoDB AUTO_INCREMENT=8 DEFAULT CHARSET=utf8;
/*!40101 SET character_set_client = @saved_cs_client */;

--
-- Dumping data for table `channels`
--

LOCK TABLES `channels` WRITE;
/*!40000 ALTER TABLE `channels` DISABLE KEYS */;
INSERT INTO `channels` VALUES (1,'Credit Card','Credit Card','credit-card',1,'0000-00-00 00:00:00','2014-04-23 06:53:57'),(2,'Personal Loans','Personal Loans','personal-loans',1,'0000-00-00 00:00:00','2014-04-23 06:53:57'),(3,'HomeLoans','home-loans','home-loans',1,'0000-00-00 00:00:00','2014-05-30 00:08:46'),(4,'Mortgage Loans','Mortgage Loans','mortgage-loans',1,'0000-00-00 00:00:00','2014-04-23 06:53:57'),(5,'Cooperative Loans','Cooperative Loans','cooperative-loans',1,'0000-00-00 00:00:00','2014-04-23 06:53:57'),(6,'Car Insurance','Car Insurance','car-insurance',1,'0000-00-00 00:00:00','2014-04-23 06:53:57'),(7,'Broadband','Broadband','broadband',1,'0000-00-00 00:00:00','2014-04-23 06:53:57');
/*!40000 ALTER TABLE `channels` ENABLE KEYS */;
UNLOCK TABLES;

--
-- Table structure for table `companies`
--

DROP TABLE IF EXISTS `companies`;
/*!40101 SET @saved_cs_client     = @@character_set_client */;
/*!40101 SET character_set_client = utf8 */;
CREATE TABLE `companies` (
  `id` int(11) NOT NULL AUTO_INCREMENT,
  `name` varchar(100) CHARACTER SET utf8 COLLATE utf8_unicode_ci NOT NULL,
  `email` varchar(50) CHARACTER SET utf8 COLLATE utf8_unicode_ci DEFAULT NULL,
  `phone` varchar(45) CHARACTER SET utf8 COLLATE utf8_unicode_ci DEFAULT NULL,
  `fax` varchar(45) CHARACTER SET utf8 COLLATE utf8_unicode_ci DEFAULT NULL,
  `address` varchar(255) CHARACTER SET utf8 COLLATE utf8_unicode_ci DEFAULT NULL,
  `contact` varchar(255) CHARACTER SET utf8 COLLATE utf8_unicode_ci DEFAULT NULL,
  `logo` varchar(255) CHARACTER SET utf8 COLLATE utf8_unicode_ci DEFAULT NULL,
  `link` varchar(50) CHARACTER SET utf8 COLLATE utf8_unicode_ci DEFAULT NULL,
  `description` text CHARACTER SET utf8 COLLATE utf8_unicode_ci,
  `language` varchar(5) CHARACTER SET utf8 COLLATE utf8_unicode_ci DEFAULT NULL,
  `status` tinyint(1) NOT NULL DEFAULT '0',
  `created` timestamp NOT NULL DEFAULT '0000-00-00 00:00:00',
  `modified` timestamp NOT NULL DEFAULT CURRENT_TIMESTAMP,
  PRIMARY KEY (`id`),
  UNIQUE KEY `id_uk` (`id`)
) ENGINE=InnoDB AUTO_INCREMENT=134 DEFAULT CHARSET=utf8;
/*!40101 SET character_set_client = @saved_cs_client */;

--
-- Dumping data for table `companies`
--

LOCK TABLES `companies` WRITE;
/*!40000 ALTER TABLE `companies` DISABLE KEYS */;
INSERT INTO `companies` VALUES (1,'Accept Card',NULL,NULL,NULL,NULL,NULL,NULL,NULL,NULL,'da',0,'2014-03-28 05:20:55','0000-00-00 00:00:00'),(2,'Alm. Brand',NULL,NULL,NULL,NULL,NULL,NULL,NULL,NULL,'da',0,'2014-03-28 05:20:55','0000-00-00 00:00:00'),(3,'Arbejdernes Landsbank',NULL,NULL,NULL,NULL,NULL,NULL,NULL,NULL,'da',0,'2014-03-28 05:20:55','0000-00-00 00:00:00'),(5,'Alm. Brand Bank',NULL,NULL,NULL,NULL,NULL,NULL,NULL,NULL,'da',0,'2014-03-28 05:20:55','0000-00-00 00:00:00'),(6,'Andelskassen Østervrå',NULL,NULL,NULL,NULL,NULL,NULL,NULL,NULL,'da',0,'2014-03-28 05:20:55','0000-00-00 00:00:00'),(7,'Ambank',NULL,NULL,NULL,NULL,NULL,NULL,NULL,NULL,'da',0,'2014-03-28 05:20:55','0000-00-00 00:00:00'),(8,'Andelskassen J.A.K. Slagelse',NULL,NULL,NULL,NULL,NULL,NULL,NULL,NULL,'da',0,'2014-03-28 05:20:55','0000-00-00 00:00:00'),(9,'BankNordik',NULL,NULL,NULL,NULL,NULL,NULL,NULL,NULL,'da',0,'2014-03-28 05:20:55','0000-00-00 00:00:00'),(10,'Basisbank',NULL,NULL,NULL,NULL,NULL,NULL,NULL,NULL,'da',0,'2014-03-28 05:20:55','0000-00-00 00:00:00'),(11,'BRF',NULL,NULL,NULL,NULL,NULL,NULL,NULL,NULL,'da',0,'2014-03-28 05:20:55','0000-00-00 00:00:00'),(12,'Broager Sparekasse',NULL,NULL,NULL,NULL,NULL,NULL,NULL,NULL,'da',0,'2014-03-28 05:20:55','0000-00-00 00:00:00'),(13,'Coop Bank',NULL,NULL,NULL,NULL,NULL,NULL,NULL,NULL,'da',0,'2014-03-28 05:20:55','0000-00-00 00:00:00'),(14,'Danske Andelskassers Bank',NULL,NULL,NULL,NULL,NULL,NULL,NULL,NULL,'da',0,'2014-03-28 05:20:55','0000-00-00 00:00:00'),(15,'Danske Bank',NULL,NULL,NULL,NULL,NULL,NULL,NULL,NULL,'da',0,'2014-03-28 05:20:55','0000-00-00 00:00:00'),(16,'Den Jyske Sparekasse',NULL,NULL,NULL,NULL,NULL,NULL,NULL,NULL,'da',0,'2014-03-28 05:20:55','0000-00-00 00:00:00'),(17,'DIBA',NULL,NULL,NULL,NULL,NULL,NULL,NULL,NULL,'da',0,'2014-03-28 05:20:55','0000-00-00 00:00:00'),(18,'Diners Club',NULL,NULL,NULL,NULL,NULL,NULL,NULL,NULL,'da',0,'2014-03-28 05:20:55','0000-00-00 00:00:00'),(19,'Djurslands Bank',NULL,NULL,NULL,NULL,NULL,NULL,NULL,NULL,'da',0,'2014-03-28 05:20:55','0000-00-00 00:00:00'),(20,'Dragsholm Sparekasse',NULL,NULL,NULL,NULL,NULL,NULL,NULL,NULL,'da',0,'2014-03-28 05:20:55','0000-00-00 00:00:00'),(21,'EnterCard',NULL,NULL,NULL,NULL,NULL,NULL,NULL,NULL,'da',0,'2014-03-28 05:20:55','0000-00-00 00:00:00'),(22,'Express Bank',NULL,NULL,NULL,NULL,NULL,NULL,NULL,NULL,'da',0,'2014-03-28 05:20:55','0000-00-00 00:00:00'),(23,'GE Money Bank',NULL,NULL,NULL,NULL,NULL,NULL,NULL,NULL,'da',0,'2014-03-28 05:20:55','0000-00-00 00:00:00'),(24,'Grønlandsbanken',NULL,NULL,NULL,NULL,NULL,NULL,NULL,NULL,'da',0,'2014-03-28 05:20:55','0000-00-00 00:00:00'),(25,'Handelsbanken',NULL,NULL,NULL,NULL,NULL,NULL,NULL,NULL,'da',0,'2014-03-28 05:20:55','0000-00-00 00:00:00'),(26,'Hvidbjerg Bank',NULL,NULL,NULL,NULL,NULL,NULL,NULL,NULL,'da',0,'2014-03-28 05:20:55','0000-00-00 00:00:00'),(27,'Ikano Bank',NULL,NULL,NULL,NULL,NULL,NULL,NULL,NULL,'da',0,'2014-03-28 05:20:55','0000-00-00 00:00:00'),(28,'Jyske Bank',NULL,NULL,NULL,NULL,NULL,NULL,NULL,NULL,'da',0,'2014-03-28 05:20:55','0000-00-00 00:00:00'),(29,'Kreditbanken',NULL,NULL,NULL,NULL,NULL,NULL,NULL,NULL,'da',0,'2014-03-28 05:20:55','0000-00-00 00:00:00'),(30,'LO',NULL,NULL,NULL,NULL,NULL,NULL,NULL,NULL,'da',0,'2014-03-28 05:20:55','0000-00-00 00:00:00'),(31,'Lollands Bank',NULL,NULL,NULL,NULL,NULL,NULL,NULL,NULL,'da',0,'2014-03-28 05:20:55','0000-00-00 00:00:00'),(32,'Lån & Spar bank',NULL,NULL,NULL,NULL,NULL,NULL,NULL,NULL,'da',0,'2014-03-28 05:20:55','0000-00-00 00:00:00'),(33,'Magasin',NULL,NULL,NULL,NULL,NULL,NULL,NULL,NULL,'da',0,'2014-03-28 05:20:55','0000-00-00 00:00:00'),(34,'Merkur Andelskasse',NULL,NULL,NULL,NULL,NULL,NULL,NULL,NULL,'da',0,'2014-03-28 05:20:55','0000-00-00 00:00:00'),(35,'Middelfart Sparekasse',NULL,NULL,NULL,NULL,NULL,NULL,NULL,NULL,'da',0,'2014-03-28 05:20:55','0000-00-00 00:00:00'),(36,'Møns Bank',NULL,NULL,NULL,NULL,NULL,NULL,NULL,NULL,'da',0,'2014-03-28 05:20:55','0000-00-00 00:00:00'),(37,'Nordea',NULL,NULL,NULL,NULL,NULL,NULL,NULL,NULL,'da',0,'2014-03-28 05:20:55','0000-00-00 00:00:00'),(38,'Nordfyns Bank',NULL,NULL,NULL,NULL,NULL,NULL,NULL,NULL,'da',0,'2014-03-28 05:20:55','0000-00-00 00:00:00'),(39,'Nordjyske Bank',NULL,NULL,NULL,NULL,NULL,NULL,NULL,NULL,'da',0,'2014-03-28 05:20:55','0000-00-00 00:00:00'),(40,'Nykredit',NULL,NULL,NULL,NULL,NULL,NULL,NULL,NULL,'da',0,'2014-03-28 05:20:55','0000-00-00 00:00:00'),(41,'Nørresundby Bank',NULL,NULL,NULL,NULL,NULL,NULL,NULL,NULL,'da',0,'2014-03-28 05:20:55','0000-00-00 00:00:00'),(42,'Ringkjøbing Landbobank',NULL,NULL,NULL,NULL,NULL,NULL,NULL,NULL,'da',0,'2014-03-28 05:20:55','0000-00-00 00:00:00'),(43,'Rise Spare- og Lånekasse',NULL,NULL,NULL,NULL,NULL,NULL,NULL,NULL,'da',0,'2014-03-28 05:20:55','0000-00-00 00:00:00'),(44,'Rønde og Omegns Sparekasse',NULL,NULL,NULL,NULL,NULL,NULL,NULL,NULL,'da',0,'2014-03-28 05:20:55','0000-00-00 00:00:00'),(45,'Salling Bank',NULL,NULL,NULL,NULL,NULL,NULL,NULL,NULL,'da',0,'2014-03-28 05:20:55','0000-00-00 00:00:00'),(46,'Saxo Bank Privat',NULL,NULL,NULL,NULL,NULL,NULL,NULL,NULL,'da',0,'2014-03-28 05:20:55','0000-00-00 00:00:00'),(47,'SEB Eurocard',NULL,NULL,NULL,NULL,NULL,NULL,NULL,NULL,'da',0,'2014-03-28 05:20:55','0000-00-00 00:00:00'),(48,'Skjern Bank',NULL,NULL,NULL,NULL,NULL,NULL,NULL,NULL,'da',0,'2014-03-28 05:20:55','0000-00-00 00:00:00'),(49,'Spar Nord',NULL,NULL,NULL,NULL,NULL,NULL,NULL,NULL,'da',0,'2014-03-28 05:20:55','0000-00-00 00:00:00'),(50,'Sparekassen Faaborg',NULL,NULL,NULL,NULL,NULL,NULL,NULL,NULL,'da',0,'2014-03-28 05:20:55','0000-00-00 00:00:00'),(51,'Sparekassen for Nr. Nebel',NULL,NULL,NULL,NULL,NULL,NULL,NULL,NULL,'da',0,'2014-03-28 05:20:55','0000-00-00 00:00:00'),(52,'Sparekassen Hobro',NULL,NULL,NULL,NULL,NULL,NULL,NULL,NULL,'da',0,'2014-03-28 05:20:55','0000-00-00 00:00:00'),(53,'Sparekassen Kronjylland',NULL,NULL,NULL,NULL,NULL,NULL,NULL,NULL,'da',0,'2014-03-28 05:20:55','0000-00-00 00:00:00'),(54,'Sparekassen Sjælland',NULL,NULL,NULL,NULL,NULL,NULL,NULL,NULL,'da',0,'2014-03-28 05:20:55','0000-00-00 00:00:00'),(55,'Sparekassen-Vendsyssel',NULL,NULL,NULL,NULL,NULL,NULL,NULL,NULL,'da',0,'2014-03-28 05:20:55','0000-00-00 00:00:00'),(56,'Sparekeassen Vendsyssel',NULL,NULL,NULL,NULL,NULL,NULL,NULL,NULL,'da',0,'2014-03-28 05:20:55','0000-00-00 00:00:00'),(57,'Sparkeassen Vendsyssel',NULL,NULL,NULL,NULL,NULL,NULL,NULL,NULL,'da',0,'2014-03-28 05:20:55','0000-00-00 00:00:00'),(58,'Sydbank',NULL,NULL,NULL,NULL,NULL,NULL,NULL,NULL,'da',0,'2014-03-28 05:20:55','0000-00-00 00:00:00'),(59,'Totalbanken',NULL,NULL,NULL,NULL,NULL,NULL,NULL,NULL,'da',0,'2014-03-28 05:20:55','0000-00-00 00:00:00'),(60,'Vestjysk Bank',NULL,NULL,NULL,NULL,NULL,NULL,NULL,NULL,'da',0,'2014-03-28 05:20:55','0000-00-00 00:00:00'),(61,'Borbjerg Sparekasse',NULL,NULL,NULL,NULL,NULL,NULL,NULL,NULL,'da',0,'2014-03-28 05:20:55','0000-00-00 00:00:00'),(62,'BRFkredit Bank',NULL,NULL,NULL,NULL,NULL,NULL,NULL,NULL,'da',0,'2014-03-28 05:20:55','0000-00-00 00:00:00'),(63,'D:E:R',NULL,NULL,NULL,NULL,NULL,NULL,NULL,NULL,'da',0,'2014-03-28 05:20:55','0000-00-00 00:00:00'),(64,'Dan-Aktiv',NULL,NULL,NULL,NULL,NULL,NULL,NULL,NULL,'da',0,'2014-03-28 05:20:55','0000-00-00 00:00:00'),(65,'Dronninglund Sparekasse',NULL,NULL,NULL,NULL,NULL,NULL,NULL,NULL,'da',0,'2014-03-28 05:20:55','0000-00-00 00:00:00'),(66,'Ekspress Bank',NULL,NULL,NULL,NULL,NULL,NULL,NULL,NULL,'da',0,'2014-03-28 05:20:55','0000-00-00 00:00:00'),(67,'Fanø Sparekasse',NULL,NULL,NULL,NULL,NULL,NULL,NULL,NULL,'da',0,'2014-03-28 05:20:55','0000-00-00 00:00:00'),(68,'Faster Andelskasse',NULL,NULL,NULL,NULL,NULL,NULL,NULL,NULL,'da',0,'2014-03-28 05:20:55','0000-00-00 00:00:00'),(69,'FinansNetbanken',NULL,NULL,NULL,NULL,NULL,NULL,NULL,NULL,'da',0,'2014-03-28 05:20:55','0000-00-00 00:00:00'),(70,'Flemløse Sparekasse',NULL,NULL,NULL,NULL,NULL,NULL,NULL,NULL,'da',0,'2014-03-28 05:20:55','0000-00-00 00:00:00'),(71,'Folkesparekassen',NULL,NULL,NULL,NULL,NULL,NULL,NULL,NULL,'da',0,'2014-03-28 05:20:55','0000-00-00 00:00:00'),(72,'Frørup Andelskasse',NULL,NULL,NULL,NULL,NULL,NULL,NULL,NULL,'da',0,'2014-03-28 05:20:55','0000-00-00 00:00:00'),(73,'Frøs Herreds Sparekasse',NULL,NULL,NULL,NULL,NULL,NULL,NULL,NULL,'da',0,'2014-03-28 05:20:55','0000-00-00 00:00:00'),(74,'Frøslev-Mollerup Sparekasse',NULL,NULL,NULL,NULL,NULL,NULL,NULL,NULL,'da',0,'2014-03-28 05:20:55','0000-00-00 00:00:00'),(75,'Fynske Bank',NULL,NULL,NULL,NULL,NULL,NULL,NULL,NULL,'da',0,'2014-03-28 05:20:55','0000-00-00 00:00:00'),(76,'Fælleskassen',NULL,NULL,NULL,NULL,NULL,NULL,NULL,NULL,'da',0,'2014-03-28 05:20:55','0000-00-00 00:00:00'),(77,'Hals Sparekasse',NULL,NULL,NULL,NULL,NULL,NULL,NULL,NULL,'da',0,'2014-03-28 05:20:55','0000-00-00 00:00:00'),(78,'Jutlander Bank (tidl. Spks. Himmerland)',NULL,NULL,NULL,NULL,NULL,NULL,NULL,NULL,'da',0,'2014-03-28 05:20:55','0000-00-00 00:00:00'),(79,'Jutlander Bank',NULL,NULL,NULL,NULL,NULL,NULL,NULL,NULL,'da',0,'2014-03-28 05:20:55','0000-00-00 00:00:00'),(80,'Klim Sparekasse',NULL,NULL,NULL,NULL,NULL,NULL,NULL,NULL,'da',0,'2014-03-28 05:20:55','0000-00-00 00:00:00'),(81,'Københavns Andelskasse',NULL,NULL,NULL,NULL,NULL,NULL,NULL,NULL,'da',0,'2014-03-28 05:20:55','0000-00-00 00:00:00'),(82,'Langå Sparekasse',NULL,NULL,NULL,NULL,NULL,NULL,NULL,NULL,'da',0,'2014-03-28 05:20:55','0000-00-00 00:00:00'),(83,'L ́EASY',NULL,NULL,NULL,NULL,NULL,NULL,NULL,NULL,'da',0,'2014-03-28 05:20:55','0000-00-00 00:00:00'),(84,'LånLet',NULL,NULL,NULL,NULL,NULL,NULL,NULL,NULL,'da',0,'2014-03-28 05:20:55','0000-00-00 00:00:00'),(85,'Pengeautomaten',NULL,NULL,NULL,NULL,NULL,NULL,NULL,NULL,'da',0,'2014-03-28 05:20:55','0000-00-00 00:00:00'),(86,'PenSam Bank',NULL,NULL,NULL,NULL,NULL,NULL,NULL,NULL,'da',0,'2014-03-28 05:20:55','0000-00-00 00:00:00'),(87,'Rise Sparekasse',NULL,NULL,NULL,NULL,NULL,NULL,NULL,NULL,'da',0,'2014-03-28 05:20:55','0000-00-00 00:00:00'),(88,'Rønde Sparekasse',NULL,NULL,NULL,NULL,NULL,NULL,NULL,NULL,'da',0,'2014-03-28 05:20:55','0000-00-00 00:00:00'),(89,'Santander Consumer Bank',NULL,NULL,NULL,NULL,NULL,NULL,NULL,NULL,'da',0,'2014-03-28 05:20:55','0000-00-00 00:00:00'),(90,'Saxo Privatbank',NULL,NULL,NULL,NULL,NULL,NULL,NULL,NULL,'da',0,'2014-03-28 05:20:55','0000-00-00 00:00:00'),(91,'Selene Finans',NULL,NULL,NULL,NULL,NULL,NULL,NULL,NULL,'da',0,'2014-03-28 05:20:55','0000-00-00 00:00:00'),(92,'Spar Nord Bank',NULL,NULL,NULL,NULL,NULL,NULL,NULL,NULL,'da',0,'2014-03-28 05:20:55','0000-00-00 00:00:00'),(93,'Sparekassen Balling',NULL,NULL,NULL,NULL,NULL,NULL,NULL,NULL,'da',0,'2014-03-28 05:20:55','0000-00-00 00:00:00'),(94,'Sparekassen Bredebro',NULL,NULL,NULL,NULL,NULL,NULL,NULL,NULL,'da',0,'2014-03-28 05:20:55','0000-00-00 00:00:00'),(95,'Sparekassen Djursland',NULL,NULL,NULL,NULL,NULL,NULL,NULL,NULL,'da',0,'2014-03-28 05:20:55','0000-00-00 00:00:00'),(96,'Sparekassen for Nr. Nebel og Omegn',NULL,NULL,NULL,NULL,NULL,NULL,NULL,NULL,'da',0,'2014-03-28 05:20:55','0000-00-00 00:00:00'),(97,'Sparekassen Thy',NULL,NULL,NULL,NULL,NULL,NULL,NULL,NULL,'da',0,'2014-03-28 05:20:55','0000-00-00 00:00:00'),(98,'Sparekassen Vendsyssel',NULL,NULL,NULL,NULL,NULL,NULL,NULL,NULL,'da',0,'2014-03-28 05:20:55','0000-00-00 00:00:00'),(99,'Stadil Sparekasse',NULL,NULL,NULL,NULL,NULL,NULL,NULL,NULL,'da',0,'2014-03-28 05:20:55','0000-00-00 00:00:00'),(100,'Swedbank',NULL,NULL,NULL,NULL,NULL,NULL,NULL,NULL,'da',0,'2014-03-28 05:20:55','0000-00-00 00:00:00'),(101,'Sydbank (tidl. DiBa Bank)',NULL,NULL,NULL,NULL,NULL,NULL,NULL,NULL,'da',0,'2014-03-28 05:20:55','0000-00-00 00:00:00'),(102,'Søby-Skader-Halling Sparekasse',NULL,NULL,NULL,NULL,NULL,NULL,NULL,NULL,'da',0,'2014-03-28 05:20:55','0000-00-00 00:00:00'),(103,'Sønderhå-Hørsted Sparekasse',NULL,NULL,NULL,NULL,NULL,NULL,NULL,NULL,'da',0,'2014-03-28 05:20:55','0000-00-00 00:00:00'),(104,'Vestfyns Bank',NULL,NULL,NULL,NULL,NULL,NULL,NULL,NULL,'da',0,'2014-03-28 05:20:55','0000-00-00 00:00:00'),(105,'vestjyskBANK',NULL,NULL,NULL,NULL,NULL,NULL,NULL,NULL,'da',0,'2014-03-28 05:20:55','0000-00-00 00:00:00'),(106,'Vistoft Sparekasse',NULL,NULL,NULL,NULL,NULL,NULL,NULL,NULL,'da',0,'2014-03-28 05:20:55','0000-00-00 00:00:00'),(107,'Vorbasse-Hejnsvig Sparekasse',NULL,NULL,NULL,NULL,NULL,NULL,NULL,NULL,'da',0,'2014-03-28 05:20:55','0000-00-00 00:00:00'),(108,'Vordingborg Bank',NULL,NULL,NULL,NULL,NULL,NULL,NULL,NULL,'da',0,'2014-03-28 05:20:55','0000-00-00 00:00:00'),(109,'Østjydsk Bank',NULL,NULL,NULL,NULL,NULL,NULL,NULL,NULL,'da',0,'2014-03-28 05:20:55','0000-00-00 00:00:00'),(110,'3',NULL,NULL,NULL,NULL,NULL,NULL,NULL,NULL,'da',0,'2014-03-28 05:20:55','0000-00-00 00:00:00'),(111,'bibob',NULL,NULL,NULL,NULL,NULL,NULL,NULL,NULL,'da',0,'2014-03-28 05:20:55','0000-00-00 00:00:00'),(112,'Bolig:net',NULL,NULL,NULL,NULL,NULL,NULL,NULL,NULL,'da',0,'2014-03-28 05:20:55','0000-00-00 00:00:00'),(113,'Call Me',NULL,NULL,NULL,NULL,NULL,NULL,NULL,NULL,'da',0,'2014-03-28 05:20:55','0000-00-00 00:00:00'),(114,'CBB Mobil',NULL,NULL,NULL,NULL,NULL,NULL,NULL,NULL,'da',0,'2014-03-28 05:20:55','0000-00-00 00:00:00'),(115,'Dansk Kabel Tv',NULL,NULL,NULL,NULL,NULL,NULL,NULL,NULL,'da',0,'2014-03-28 05:20:55','0000-00-00 00:00:00'),(116,'Danske Net',NULL,NULL,NULL,NULL,NULL,NULL,NULL,NULL,'da',0,'2014-03-28 05:20:55','0000-00-00 00:00:00'),(117,'dlg',NULL,NULL,NULL,NULL,NULL,NULL,NULL,NULL,'da',0,'2014-03-28 05:20:55','0000-00-00 00:00:00'),(118,'Fullrate',NULL,NULL,NULL,NULL,NULL,NULL,NULL,NULL,'da',0,'2014-03-28 05:20:55','0000-00-00 00:00:00'),(119,'net1',NULL,NULL,NULL,NULL,NULL,NULL,NULL,NULL,'da',0,'2014-03-28 05:20:55','0000-00-00 00:00:00'),(120,'Oister',NULL,NULL,NULL,NULL,NULL,NULL,NULL,NULL,'da',0,'2014-03-28 05:20:55','0000-00-00 00:00:00'),(121,'OK',NULL,NULL,NULL,NULL,NULL,NULL,NULL,NULL,'da',0,'2014-03-28 05:20:55','0000-00-00 00:00:00'),(122,'Perspektiv Bredbånd',NULL,NULL,NULL,NULL,NULL,NULL,NULL,NULL,'da',0,'2014-03-28 05:20:55','0000-00-00 00:00:00'),(123,'Skyfi',NULL,NULL,NULL,NULL,NULL,NULL,NULL,NULL,'da',0,'2014-03-28 05:20:55','0000-00-00 00:00:00'),(124,'Stofa',NULL,NULL,NULL,NULL,NULL,NULL,NULL,NULL,'da',0,'2014-03-28 05:20:55','0000-00-00 00:00:00'),(125,'TDC',NULL,NULL,NULL,NULL,NULL,NULL,NULL,NULL,'da',0,'2014-03-28 05:20:55','0000-00-00 00:00:00'),(126,'Telenor',NULL,NULL,NULL,NULL,NULL,NULL,NULL,NULL,'da',0,'2014-03-28 05:20:55','0000-00-00 00:00:00'),(127,'Telia',NULL,NULL,NULL,NULL,NULL,NULL,NULL,NULL,'da',0,'2014-03-28 05:20:55','0000-00-00 00:00:00'),(128,'Telmore',NULL,NULL,NULL,NULL,NULL,NULL,NULL,NULL,'da',0,'2014-03-28 05:20:55','0000-00-00 00:00:00'),(129,'Waoo!',NULL,NULL,NULL,NULL,NULL,NULL,NULL,NULL,'da',0,'2014-03-28 05:20:55','0000-00-00 00:00:00'),(130,'YouSee',NULL,NULL,NULL,NULL,NULL,NULL,NULL,NULL,'da',0,'2014-03-28 05:20:55','0000-00-00 00:00:00'),(131,'DiBa Bank',NULL,NULL,NULL,NULL,NULL,NULL,NULL,NULL,'da',0,'2014-03-28 05:20:55','0000-00-00 00:00:00'),(132,'Jutlander Bank (tidl. Sparekassen Himmerland)',NULL,NULL,NULL,NULL,NULL,NULL,NULL,NULL,'da',0,'2014-03-28 05:20:55','0000-00-00 00:00:00'),(133,'Jutlander Bank (tidl. Sparekassen Hobro))',NULL,NULL,NULL,NULL,NULL,'uncategorized538c423bbe7e4.png',NULL,NULL,'da',0,'2014-03-28 05:20:55','2014-06-02 03:22:03');
/*!40000 ALTER TABLE `companies` ENABLE KEYS */;
UNLOCK TABLES;

--
-- Table structure for table `groups`
--

DROP TABLE IF EXISTS `groups`;
/*!40101 SET @saved_cs_client     = @@character_set_client */;
/*!40101 SET character_set_client = utf8 */;
CREATE TABLE `groups` (
  `id` int(11) NOT NULL AUTO_INCREMENT,
  `name` varchar(100) COLLATE utf8_unicode_ci NOT NULL,
  `description` varchar(100) COLLATE utf8_unicode_ci NOT NULL,
  `status` tinyint(4) NOT NULL DEFAULT '0',
  `created` timestamp NOT NULL DEFAULT '0000-00-00 00:00:00',
  `modified` timestamp NOT NULL DEFAULT CURRENT_TIMESTAMP ON UPDATE CURRENT_TIMESTAMP,
  PRIMARY KEY (`id`)
) ENGINE=InnoDB AUTO_INCREMENT=2 DEFAULT CHARSET=utf8 COLLATE=utf8_unicode_ci;
/*!40101 SET character_set_client = @saved_cs_client */;

--
-- Dumping data for table `groups`
--

LOCK TABLES `groups` WRITE;
/*!40000 ALTER TABLE `groups` DISABLE KEYS */;
INSERT INTO `groups` VALUES (1,'Admin','Administrator',1,'0000-00-00 00:00:00','2014-06-20 09:43:06');
/*!40000 ALTER TABLE `groups` ENABLE KEYS */;
UNLOCK TABLES;

--
-- Table structure for table `menus`
--

DROP TABLE IF EXISTS `menus`;
/*!40101 SET @saved_cs_client     = @@character_set_client */;
/*!40101 SET character_set_client = utf8 */;
CREATE TABLE `menus` (
  `id` int(11) NOT NULL AUTO_INCREMENT,
  `name` varchar(100) COLLATE utf8_unicode_ci NOT NULL,
  `path` varchar(50) COLLATE utf8_unicode_ci NOT NULL,
  `icon` varchar(50) COLLATE utf8_unicode_ci NOT NULL,
  `description` varchar(200) COLLATE utf8_unicode_ci NOT NULL,
  `status` tinyint(4) NOT NULL DEFAULT '0',
  `created` timestamp NOT NULL DEFAULT '0000-00-00 00:00:00',
  `modified` timestamp NOT NULL DEFAULT CURRENT_TIMESTAMP ON UPDATE CURRENT_TIMESTAMP,
  PRIMARY KEY (`id`)
) ENGINE=InnoDB DEFAULT CHARSET=utf8 COLLATE=utf8_unicode_ci;
/*!40101 SET character_set_client = @saved_cs_client */;

--
-- Dumping data for table `menus`
--

LOCK TABLES `menus` WRITE;
/*!40000 ALTER TABLE `menus` DISABLE KEYS */;
/*!40000 ALTER TABLE `menus` ENABLE KEYS */;
UNLOCK TABLES;

--
-- Table structure for table `model_attributes`
--

DROP TABLE IF EXISTS `model_attributes`;
/*!40101 SET @saved_cs_client     = @@character_set_client */;
/*!40101 SET character_set_client = utf8 */;
CREATE TABLE `model_attributes` (
  `id` int(11) NOT NULL AUTO_INCREMENT,
  `attribute_id` int(11) NOT NULL,
  `model_type_id` int(11) NOT NULL,
  `model_id` int(11) NOT NULL,
  `status` tinyint(1) NOT NULL DEFAULT '0',
  `created` timestamp NOT NULL DEFAULT '0000-00-00 00:00:00',
  `modified` timestamp NOT NULL DEFAULT CURRENT_TIMESTAMP,
  PRIMARY KEY (`id`),
  UNIQUE KEY `id_uk` (`id`),
  UNIQUE KEY `model_attribute_id_uk` (`attribute_id`,`model_id`,`model_type_id`),
  KEY `attribute_id_idx` (`attribute_id`),
  KEY `model_type_id_idx` (`model_type_id`),
  KEY `model_id_idx` (`model_id`),
  CONSTRAINT `FK_attribute_id` FOREIGN KEY (`attribute_id`) REFERENCES `attributes` (`id`) ON DELETE CASCADE,
  CONSTRAINT `FK_model_type_id` FOREIGN KEY (`model_type_id`) REFERENCES `model_types` (`id`) ON DELETE CASCADE
) ENGINE=InnoDB AUTO_INCREMENT=104 DEFAULT CHARSET=utf8;
/*!40101 SET character_set_client = @saved_cs_client */;

--
-- Dumping data for table `model_attributes`
--

LOCK TABLES `model_attributes` WRITE;
/*!40000 ALTER TABLE `model_attributes` DISABLE KEYS */;
INSERT INTO `model_attributes` VALUES (1,41,1,1398,1,'2014-06-09 22:28:10','0000-00-00 00:00:00'),(2,41,1,1399,1,'2014-06-09 22:35:54','0000-00-00 00:00:00'),(12,43,1,1399,1,'2014-06-09 22:53:54','0000-00-00 00:00:00'),(45,42,1,1403,1,'2014-06-10 01:38:25','0000-00-00 00:00:00'),(46,1,1,1403,1,'2014-06-10 03:14:43','0000-00-00 00:00:00'),(48,41,1,1403,1,'2014-06-10 05:22:40','0000-00-00 00:00:00'),(53,42,1,1404,1,'2014-06-10 19:44:55','0000-00-00 00:00:00'),(54,1,1,1404,1,'2014-06-10 19:48:05','0000-00-00 00:00:00'),(102,2,1,216,0,'2014-06-25 17:52:02','2014-06-25 19:48:56'),(103,2,1,217,0,'2014-06-25 18:28:42','2014-06-25 19:48:57');
/*!40000 ALTER TABLE `model_attributes` ENABLE KEYS */;
UNLOCK TABLES;

--
-- Table structure for table `model_types`
--

DROP TABLE IF EXISTS `model_types`;
/*!40101 SET @saved_cs_client     = @@character_set_client */;
/*!40101 SET character_set_client = utf8 */;
CREATE TABLE `model_types` (
  `id` int(11) NOT NULL AUTO_INCREMENT,
  `name` varchar(120) CHARACTER SET utf8 COLLATE utf8_unicode_ci NOT NULL,
  `status` tinyint(1) NOT NULL DEFAULT '0',
  `created` timestamp NOT NULL DEFAULT '0000-00-00 00:00:00',
  `modified` timestamp NOT NULL DEFAULT CURRENT_TIMESTAMP,
  PRIMARY KEY (`id`)
) ENGINE=InnoDB AUTO_INCREMENT=5 DEFAULT CHARSET=utf8;
/*!40101 SET character_set_client = @saved_cs_client */;

--
-- Dumping data for table `model_types`
--

LOCK TABLES `model_types` WRITE;
/*!40000 ALTER TABLE `model_types` DISABLE KEYS */;
INSERT INTO `model_types` VALUES (1,'products',1,'2014-04-04 04:08:00','2014-04-04 04:08:00'),(2,'companies',1,'2014-04-04 04:08:00','2014-04-04 04:08:00'),(3,'attributes',1,'2014-04-04 04:08:00','2014-04-04 04:08:00'),(4,'product_areas',1,'2014-04-04 04:08:00','2014-04-04 04:08:00');
/*!40000 ALTER TABLE `model_types` ENABLE KEYS */;
UNLOCK TABLES;

--
-- Table structure for table `nodes`
--

DROP TABLE IF EXISTS `nodes`;
/*!40101 SET @saved_cs_client     = @@character_set_client */;
/*!40101 SET character_set_client = utf8 */;
CREATE TABLE `nodes` (
  `id` int(11) NOT NULL AUTO_INCREMENT,
  `menu_id` int(11) NOT NULL,
  `name` varchar(200) COLLATE utf8_unicode_ci NOT NULL,
  `description` varchar(200) COLLATE utf8_unicode_ci NOT NULL,
  `path` varchar(30) COLLATE utf8_unicode_ci NOT NULL,
  `icon` varchar(50) COLLATE utf8_unicode_ci NOT NULL,
  `status` tinyint(4) NOT NULL DEFAULT '0',
  `created` timestamp NOT NULL DEFAULT '0000-00-00 00:00:00',
  `modified` timestamp NOT NULL DEFAULT CURRENT_TIMESTAMP ON UPDATE CURRENT_TIMESTAMP,
  PRIMARY KEY (`id`),
  KEY `menu_id_idx` (`menu_id`)
) ENGINE=InnoDB DEFAULT CHARSET=utf8 COLLATE=utf8_unicode_ci;
/*!40101 SET character_set_client = @saved_cs_client */;

--
-- Dumping data for table `nodes`
--

LOCK TABLES `nodes` WRITE;
/*!40000 ALTER TABLE `nodes` DISABLE KEYS */;
/*!40000 ALTER TABLE `nodes` ENABLE KEYS */;
UNLOCK TABLES;

--
-- Table structure for table `permissions`
--

DROP TABLE IF EXISTS `permissions`;
/*!40101 SET @saved_cs_client     = @@character_set_client */;
/*!40101 SET character_set_client = utf8 */;
CREATE TABLE `permissions` (
  `id` int(11) NOT NULL AUTO_INCREMENT,
  `group_id` int(11) NOT NULL,
  `menu_id` int(11) NOT NULL,
  `node_id` int(11) NOT NULL,
  `status` tinyint(1) NOT NULL DEFAULT '0',
  `created` timestamp NOT NULL DEFAULT '0000-00-00 00:00:00',
  `modified` timestamp NOT NULL DEFAULT '0000-00-00 00:00:00',
  PRIMARY KEY (`id`),
  KEY `group_id_idx` (`group_id`),
  KEY `menu_id_idx` (`menu_id`),
  KEY `node_id_idx` (`node_id`),
  CONSTRAINT `GROUP_ID_FK` FOREIGN KEY (`group_id`) REFERENCES `groups` (`id`) ON DELETE NO ACTION ON UPDATE NO ACTION,
  CONSTRAINT `MENU_ID_FK` FOREIGN KEY (`menu_id`) REFERENCES `menus` (`id`) ON DELETE NO ACTION ON UPDATE NO ACTION,
  CONSTRAINT `NODE_ID_FK` FOREIGN KEY (`node_id`) REFERENCES `nodes` (`id`) ON DELETE NO ACTION ON UPDATE NO ACTION
) ENGINE=InnoDB DEFAULT CHARSET=utf8 COLLATE=utf8_unicode_ci;
/*!40101 SET character_set_client = @saved_cs_client */;

--
-- Dumping data for table `permissions`
--

LOCK TABLES `permissions` WRITE;
/*!40000 ALTER TABLE `permissions` DISABLE KEYS */;
/*!40000 ALTER TABLE `permissions` ENABLE KEYS */;
UNLOCK TABLES;

--
-- Table structure for table `product_areas`
--

DROP TABLE IF EXISTS `product_areas`;
/*!40101 SET @saved_cs_client     = @@character_set_client */;
/*!40101 SET character_set_client = utf8 */;
CREATE TABLE `product_areas` (
  `id` int(11) NOT NULL AUTO_INCREMENT,
  `name` varchar(55) CHARACTER SET utf8 COLLATE utf8_unicode_ci NOT NULL,
  `description` text CHARACTER SET utf8 COLLATE utf8_unicode_ci NOT NULL,
  `language` varchar(5) CHARACTER SET utf8 COLLATE utf8_unicode_ci DEFAULT NULL,
  `status` tinyint(1) NOT NULL DEFAULT '0',
  `created` timestamp NOT NULL DEFAULT '0000-00-00 00:00:00',
  `modified` timestamp NOT NULL DEFAULT CURRENT_TIMESTAMP ON UPDATE CURRENT_TIMESTAMP,
  PRIMARY KEY (`id`),
  UNIQUE KEY `id_uk` (`id`)
) ENGINE=InnoDB AUTO_INCREMENT=2 DEFAULT CHARSET=utf8;
/*!40101 SET character_set_client = @saved_cs_client */;

--
-- Dumping data for table `product_areas`
--

LOCK TABLES `product_areas` WRITE;
/*!40000 ALTER TABLE `product_areas` DISABLE KEYS */;
INSERT INTO `product_areas` VALUES (1,'Manila','Manila','en',0,'0000-00-00 00:00:00','0000-00-00 00:00:00');
/*!40000 ALTER TABLE `product_areas` ENABLE KEYS */;
UNLOCK TABLES;

--
-- Table structure for table `products`
--

DROP TABLE IF EXISTS `products`;
/*!40101 SET @saved_cs_client     = @@character_set_client */;
/*!40101 SET character_set_client = utf8 */;
CREATE TABLE `products` (
  `id` int(11) NOT NULL AUTO_INCREMENT,
  `channel_id` int(11) NOT NULL,
  `company_id` int(11) NOT NULL,
  `product_area_id` int(11) NOT NULL DEFAULT '0',
  `name` varchar(100) CHARACTER SET utf8 COLLATE utf8_unicode_ci NOT NULL,
  `description` text CHARACTER SET utf8 COLLATE utf8_unicode_ci,
  `featured` int(10) NOT NULL DEFAULT '0',
  `logo` varchar(510) CHARACTER SET utf8 COLLATE utf8_unicode_ci NOT NULL,
  `link` varchar(510) CHARACTER SET utf8 COLLATE utf8_unicode_ci DEFAULT NULL,
  `language` varchar(5) CHARACTER SET utf8 COLLATE utf8_unicode_ci DEFAULT NULL,
  `status` tinyint(1) NOT NULL DEFAULT '0',
  `created` timestamp NOT NULL DEFAULT CURRENT_TIMESTAMP ON UPDATE CURRENT_TIMESTAMP,
  `modified` timestamp NULL DEFAULT '0000-00-00 00:00:00',
  PRIMARY KEY (`id`),
  UNIQUE KEY `id_uk` (`id`),
  KEY `company_id_idx` (`company_id`),
  KEY `product_area_id_idx` (`product_area_id`),
  KEY `channel_id_idx` (`channel_id`),
  CONSTRAINT `company_id` FOREIGN KEY (`company_id`) REFERENCES `companies` (`id`) ON DELETE NO ACTION ON UPDATE NO ACTION,
  CONSTRAINT `products_ibfk_1` FOREIGN KEY (`channel_id`) REFERENCES `channels` (`id`),
  CONSTRAINT `product_area_id` FOREIGN KEY (`product_area_id`) REFERENCES `product_areas` (`id`)
) ENGINE=InnoDB AUTO_INCREMENT=1408 DEFAULT CHARSET=utf8;
/*!40101 SET character_set_client = @saved_cs_client */;

--
-- Dumping data for table `products`
--

LOCK TABLES `products` WRITE;
/*!40000 ALTER TABLE `products` DISABLE KEYS */;
INSERT INTO `products` VALUES (216,1,1,1,'Accept Card','Accept Card',0,'dk/products/credit-card/Accept-Card-rv.png','https://www.ansog.acceptcard.dk/acard/Step1.aspx','da',1,'0000-00-00 00:00:00','0000-00-00 00:00:00'),(217,1,2,1,'MasterCard','MasterCard',0,'dk/products/credit-card/LP-Standard-rv.png','http://www.almbrand.dk/abdk/Privat/Bank/Produkter/Dagligoekonomi/Kort/Mastercard/index.htm','da',1,'0000-00-00 00:00:00','0000-00-00 00:00:00'),(218,1,2,1,'Mastercard Gold','Mastercard Gold',0,'dk/products/credit-card/LP-Guld-rv.png','http://www.almbrand.dk/abdk/Privat/Bank/Produkter/Dagligoekonomi/Kort/MastercardGold/index.htm','da',1,'0000-00-00 00:00:00','0000-00-00 00:00:00'),(219,1,2,1,'MasterCard Platinum','MasterCard Platinum',0,'dk/products/credit-card/LP-Platinum-rv.png','http://www.almbrand.dk/abdk/Privat/Bank/Produkter/Dagligoekonomi/Kort/MasterCardPlatinum/index.htm','da',1,'0000-00-00 00:00:00','0000-00-00 00:00:00'),(220,1,3,1,'MasterCard','MasterCard',0,'dk/products/credit-card/LP-Standard-rv.png','https://www.al-bank.dk/media/documents/AnsogningPrivat.pdf','da',1,'0000-00-00 00:00:00','0000-00-00 00:00:00'),(221,1,3,1,'Mastercard Gold','Mastercard Gold',0,'dk/products/credit-card/LP-Guld-rv.png','https://www.al-bank.dk/media/documents/AnsogningPrivat.pdf','da',1,'0000-00-00 00:00:00','0000-00-00 00:00:00'),(222,1,3,1,'MasterCard Platinum','MasterCard Platinum',0,'dk/products/credit-card/LP-Platinum-rv.png','https://www.al-bank.dk/media/documents/AnsogningPrivat.pdf','da',1,'0000-00-00 00:00:00','0000-00-00 00:00:00'),(223,1,3,1,'AL-MasterCard Business','AL-MasterCard Business',0,'dk/products/credit-card/LP-Standard-rv.png','https://www.al-bank.dk/media/documents/Ansogning_MasterCardBusiness.pdf','da',1,'0000-00-00 00:00:00','0000-00-00 00:00:00'),(224,1,3,1,'AL-MasterCard Business Guld','AL-MasterCard Business Guld',0,'dk/products/credit-card/LP-Guld-rv.png','https://www.al-bank.dk/media/documents/Ansogning_MasterCardBusiness.pdf','da',1,'0000-00-00 00:00:00','0000-00-00 00:00:00'),(225,1,3,1,'AL-MasterCard Business Platinum','AL-MasterCard Business Platinum',0,'dk/products/credit-card/LP-Platinum-rv.png','https://www.al-bank.dk/media/documents/Ansogning_MasterCardBusiness.pdf','da',1,'0000-00-00 00:00:00','0000-00-00 00:00:00'),(226,1,9,1,'MasterCard Standard kredit','MasterCard Standard kredit',0,'dk/products/credit-card/LP-Standard-rv.png','http://www.banknordik.dk/Files/DK/Dokumenter/Privat/Kort/MasterCardPrivatkortansoegning.pdf','da',1,'0000-00-00 00:00:00','0000-00-00 00:00:00'),(227,1,9,1,'MasterCard Gold kredit','MasterCard Gold kredit',0,'dk/products/credit-card/LP-Guld-rv.png','http://www.banknordik.dk/Files/DK/Dokumenter/Privat/Kort/MasterCardPrivatkortansoegning.pdf','da',1,'0000-00-00 00:00:00','0000-00-00 00:00:00'),(228,1,9,1,'MasterCard Platinum kredit','MasterCard Platinum kredit',0,'dk/products/credit-card/LP-Platinum-rv.png','http://www.banknordik.dk/Files/DK/Dokumenter/Privat/Kort/MasterCardPrivatkortansoegning.pdf','da',1,'0000-00-00 00:00:00','0000-00-00 00:00:00'),(229,1,10,1,'Mastercard','Mastercard',0,'dk/products/credit-card/LP-Standard-rv.png','https://www.basisbank.dk/bliv-kunde','da',1,'0000-00-00 00:00:00','0000-00-00 00:00:00'),(230,1,10,1,'Mastercard Gold','Mastercard Gold',0,'dk/products/credit-card/LP-Guld-rv.png','https://www.basisbank.dk/bliv-kunde','da',1,'0000-00-00 00:00:00','0000-00-00 00:00:00'),(231,1,11,1,'MasterCard Classic','MasterCard Classic',0,'dk/products/credit-card/LP-Standard-rv.png','0','da',1,'0000-00-00 00:00:00','0000-00-00 00:00:00'),(232,1,11,1,'MasterCard Gold','MasterCard Gold',0,'dk/products/credit-card/LP-Guld-rv.png','0','da',1,'0000-00-00 00:00:00','0000-00-00 00:00:00'),(233,1,11,1,'MasterCard Platinum','MasterCard Platinum',0,'dk/products/credit-card/LP-Platinum-rv.png','0','da',1,'0000-00-00 00:00:00','0000-00-00 00:00:00'),(234,1,12,1,'MasterCard Standard','MasterCard Standard',0,'dk/products/credit-card/LP-Standard-rv.png','0','da',1,'0000-00-00 00:00:00','0000-00-00 00:00:00'),(235,1,13,1,'Coop Mastercard','Coop Mastercard',0,'dk/products/credit-card/Coop-Bank-Coop-Mastercard-rv.jpg','https://bank.coop.dk/online-ansoegning/','da',1,'0000-00-00 00:00:00','0000-00-00 00:00:00'),(236,1,14,1,'MasterCard Standard','MasterCard Standard',0,'dk/products/credit-card/LP-Standard-rv.png','https://www.andelskassen.dk/da-DK/Privat/eService/Betalings-%20og%20kreditkort/MasterCard/MasterCard%20kredit/Bestil%20MasterCard','da',1,'0000-00-00 00:00:00','0000-00-00 00:00:00'),(237,1,14,1,'MasterCard Guld','MasterCard Guld',0,'dk/products/credit-card/LP-Guld-rv.png','https://www.andelskassen.dk/da-DK/Privat/eService/Betalings-%20og%20kreditkort/MasterCard/MasterCard%20kredit/Bestil%20MasterCard','da',1,'0000-00-00 00:00:00','0000-00-00 00:00:00'),(238,1,14,1,'MasterCard Platinum','MasterCard Platinum',0,'dk/products/credit-card/LP-Platinum-rv.png','https://www.andelskassen.dk/da-DK/Privat/eService/Betalings-%20og%20kreditkort/MasterCard/MasterCard%20kredit/Bestil%20MasterCard','da',1,'0000-00-00 00:00:00','0000-00-00 00:00:00'),(239,1,15,1,'Visa/Dankort','Visa/Dankort',0,'dk/products/credit-card/LP-Standard-rv.png','http://www.danskebank.dk/da-dk/Privat/Kort/Typer-af-kort/Visa-Dankort/Pages/Visa-Dankort.aspx?tab=3#tabanchor','da',1,'0000-00-00 00:00:00','0000-00-00 00:00:00'),(240,1,15,1,'MasterCard Basis','MasterCard Basis',0,'dk/products/credit-card/LP-Standard-rv.png','http://www.danskebank.dk/da-dk/Privat/Kundeservice/Kontakt-os/Pages/Kontakt-os.aspx','da',1,'0000-00-00 00:00:00','0000-00-00 00:00:00'),(241,1,15,1,'MasterCard Gold','MasterCard Gold',0,'dk/products/credit-card/Danske-Bank-MasterCard-Gold-rv.png','http://www.danskebank.dk/da-dk/Privat/Kundeservice/Kontakt-os/Pages/Kontakt-os.aspx','da',1,'0000-00-00 00:00:00','0000-00-00 00:00:00'),(242,1,15,1,'Mastercard Platin','Mastercard Platin',0,'dk/products/credit-card/Danske-Bank-MasterCard-Corporate-Platinum-rv.png','http://www.danskebank.dk/da-dk/Privat/Kundeservice/Kontakt-os/Pages/Kontakt-os.aspx','da',1,'0000-00-00 00:00:00','0000-00-00 00:00:00'),(243,1,15,1,'MasterCard Corporate Classic','MasterCard Corporate Classic',0,'dk/products/credit-card/Danske-Bank-MasterCard-Corporate-Classic-rv.png','http://www.danskebank.dk/da-dk/Erhverv/Mellem-erhverv/Konti-og-kort/Kort/MasterCard-Corporate-Classic/Pages/MasterCard-Corporate-Classic.aspx?tab=3#tabanchor','da',1,'0000-00-00 00:00:00','0000-00-00 00:00:00'),(244,1,15,1,'MasterCard Corporate Gold','MasterCard Corporate Gold',0,'dk/products/credit-card/Danske-Bank-MasterCard-Corporate-Gold-rv.png','http://www.danskebank.dk/da-dk/Erhverv/Mellem-erhverv/Konti-og-kort/Kort/MasterCard-Corporate-Gold/Pages/MasterCard-Corporate-Gold.aspx?tab=3#tabanchor','da',1,'0000-00-00 00:00:00','0000-00-00 00:00:00'),(245,1,15,1,'MasterCard Corporate Platinum','MasterCard Corporate Platinum',0,'dk/products/credit-card/Danske-Bank-MasterCard-Corporate-Platinum-rv.png','http://www.danskebank.dk/da-dk/Erhverv/Mellem-erhverv/Konti-og-kort/Kort/MasterCard-Corporate-Platinum/Pages/MasterCard-Corporate-Platinum.aspx?tab=3#tabanchor','da',1,'0000-00-00 00:00:00','0000-00-00 00:00:00'),(246,1,15,1,'MasterCard Platinum Private Banking','MasterCard Platinum Private Banking',0,'dk/products/credit-card/LP-Platinum-rv.png','0','da',1,'0000-00-00 00:00:00','0000-00-00 00:00:00'),(247,1,15,1,'MasterCard World Elite','MasterCard World Elite',0,'dk/products/credit-card/LP-Standard-rv.png','0','da',1,'0000-00-00 00:00:00','0000-00-00 00:00:00'),(248,1,16,1,'Visa/Dankort','Visa/Dankort',0,'dk/products/credit-card/LP-Standard-rv.png','0','da',1,'0000-00-00 00:00:00','0000-00-00 00:00:00'),(249,1,16,1,'MasterCard Standard u. Rejseforsikring','MasterCard Standard u. Rejseforsikring',0,'dk/products/credit-card/LP-Standard-rv.png','http://www.djs.dk/media/119848/Ansøgning-om-MasterCard-Privat.pdf','da',1,'0000-00-00 00:00:00','0000-00-00 00:00:00'),(250,1,16,1,'MasterCard Guld','MasterCard Guld',0,'dk/products/credit-card/LP-Guld-rv.png','http://www.djs.dk/media/119848/Ansøgning-om-MasterCard-Privat.pdf','da',1,'0000-00-00 00:00:00','0000-00-00 00:00:00'),(251,1,16,1,'Mastercard Platin','Mastercard Platin',0,'dk/products/credit-card/LP-Platinum-rv.png','http://www.djs.dk/media/119848/Ansøgning-om-MasterCard-Privat.pdf','da',1,'0000-00-00 00:00:00','0000-00-00 00:00:00'),(252,1,17,1,'Visa/Dankort','Visa/Dankort',0,'dk/products/credit-card/LP-Standard-rv.png','https://www.diba.dk/privat/Default.asp?id=1451','da',1,'0000-00-00 00:00:00','0000-00-00 00:00:00'),(253,1,17,1,'Mastercard Guld','Mastercard Guld',0,'dk/products/credit-card/LP-Guld-rv.png','https://www.diba.dk/uploadslive/m_pdf/153_mfile_4375.pdf','da',1,'0000-00-00 00:00:00','0000-00-00 00:00:00'),(254,1,17,1,'MasterCard Platinum','MasterCard Platinum',0,'dk/products/credit-card/DIBA-MasterCard-Platinum-rv.png','https://www.diba.dk/uploadslive/m_pdf/153_mfile_4375.pdf','da',1,'0000-00-00 00:00:00','0000-00-00 00:00:00'),(255,1,18,1,'Diners Club Private','Diners Club Private',0,'dk/products/credit-card/Diners-Club-Diners-Club-Private-rv.png','http://www.dinersclub.dk/Privat/Ansogning/Ansog-her/','da',1,'0000-00-00 00:00:00','0000-00-00 00:00:00'),(256,1,18,1,'Diners Club Private VIP','Diners Club Private VIP',0,'dk/products/credit-card/Diners-Club-Diners-Club-Private--SAS-EuroBonus-rv.png','http://www.dinersclub.dk/Privat/Ansogning/Ansog-her/','da',1,'0000-00-00 00:00:00','0000-00-00 00:00:00'),(257,1,18,1,'Diners Club Excellent','Diners Club Excellent',0,'dk/products/credit-card/LP-Standard-rv.png','http://www.dinersclub.dk/Privat/Ansogning/Ansog-her/','da',1,'0000-00-00 00:00:00','0000-00-00 00:00:00'),(258,1,18,1,'Diners Club Private  SAS EuroBonus','Diners Club Private  SAS EuroBonus',0,'dk/products/credit-card/Diners-Club-Diners-Club-Private--SAS-EuroBonus-rv.png','0','da',1,'0000-00-00 00:00:00','0000-00-00 00:00:00'),(259,1,19,1,'Visa/Dankort','Visa/Dankort',0,'dk/products/credit-card/Djurslands-Bank-Visa_Dankort-rv.png','0','da',1,'0000-00-00 00:00:00','0000-00-00 00:00:00'),(260,1,19,1,'MasterCard Standard u. Rejseforsikring','MasterCard Standard u. Rejseforsikring',0,'dk/products/credit-card/LP-Standard-rv.png','0','da',1,'0000-00-00 00:00:00','0000-00-00 00:00:00'),(261,1,19,1,'Mastercard Standerd m. Rejseforsikring','Mastercard Standerd m. Rejseforsikring',0,'dk/products/credit-card/LP-Standard-rv.png','0','da',1,'0000-00-00 00:00:00','0000-00-00 00:00:00'),(262,1,19,1,'MasterCard Gold','MasterCard Gold',0,'dk/products/credit-card/LP-Guld-rv.png','0','da',1,'0000-00-00 00:00:00','0000-00-00 00:00:00'),(263,1,19,1,'MasterCard Platinum','MasterCard Platinum',0,'dk/products/credit-card/LP-Platinum-rv.png','0','da',1,'0000-00-00 00:00:00','0000-00-00 00:00:00'),(264,1,20,1,'Visa/Dankort','Visa/Dankort',0,'dk/products/credit-card/LP-Standard-rv.png','0','da',1,'0000-00-00 00:00:00','0000-00-00 00:00:00'),(265,1,20,1,'MasterCard Standard u. Rejseforsikring','MasterCard Standard u. Rejseforsikring',0,'dk/products/credit-card/LP-Standard-rv.png','0','da',1,'0000-00-00 00:00:00','0000-00-00 00:00:00'),(266,1,20,1,'MasterCard Gold','MasterCard Gold',0,'dk/products/credit-card/LP-Guld-rv.png','0','da',1,'0000-00-00 00:00:00','0000-00-00 00:00:00'),(267,1,20,1,'MasterCard Platinum','MasterCard Platinum',0,'dk/products/credit-card/LP-Platinum-rv.png','0','da',1,'0000-00-00 00:00:00','0000-00-00 00:00:00'),(268,1,21,1,'re:member MasterCard','re:member MasterCard',0,'dk/products/credit-card/EnterCard-re-member-MasterCard-rv.png','http://www.remembercard.dk/Derfor-skal-du-valge-remember/','da',1,'0000-00-00 00:00:00','0000-00-00 00:00:00'),(269,1,22,1,'ONE Card','ONE Card',0,'dk/products/credit-card/Express Bank ONE Card.png','https://online.handelsfinans.dk/dtansoeg/ans.asp?gsProdukt=HFA&gsNextObj=HFAnsoeg&ID=00505&A=865&T=E&Ident=PRCRBEDW&Slutside=http://www.ekspresbank.dk/generelkvitteringoc','da',1,'0000-00-00 00:00:00','0000-00-00 00:00:00'),(270,1,22,1,'Manchester United Visa Kort','Manchester United Visa Kort',0,'dk/products/credit-card/Express-Bank-Manchester-United-Visa-Kort-rv.png','https://online.handelsfinans.dk/dtansoeg/ans.asp?gsProdukt=HFA&gsNextObj=HFAnsoeg&ID=16977&A=878&Ident=GNINWRUY&Slutside=http://www.manutd-kort.dk/tak','da',1,'0000-00-00 00:00:00','0000-00-00 00:00:00'),(271,1,23,1,'MasterCard','MasterCard',0,'dk/products/credit-card/GE-Money-Bank-MasterCard-rv.png','https://ansoeg.gemoneybank.dk/mcard/Step1.aspx','da',1,'0000-00-00 00:00:00','0000-00-00 00:00:00'),(272,1,23,1,'Accept Card','Accept Card',0,'dk/products/credit-card/GE_Money_Bank_Accept_Card.jpg','https://www.ansog.acceptcard.dk/acard/Step1.aspx','da',1,'0000-00-00 00:00:00','0000-00-00 00:00:00'),(273,1,23,1,'Golfers Only Card','Golfers Only Card',0,'dk/products/credit-card/GE-Money-Bank-Golfers-Only-Card-rv.png','http://www.golfersonly.dk/','da',1,'0000-00-00 00:00:00','0000-00-00 00:00:00'),(274,1,24,1,'Visa/Dankort','Visa/Dankort',0,'dk/products/credit-card/LP-Standard-rv.png','http://www.banken.gl/media/178359/Kortansoegningsskema_groenlandsk__dansk_28012014.pdf','da',1,'0000-00-00 00:00:00','0000-00-00 00:00:00'),(275,1,24,1,'MasterCard Standard m. Rejseforsikring','MasterCard Standard m. Rejseforsikring',0,'dk/products/credit-card/LP-Standard-rv.png','0','da',1,'0000-00-00 00:00:00','0000-00-00 00:00:00'),(276,1,24,1,'MasterCard Guld','MasterCard Guld',0,'dk/products/credit-card/LP-Guld-rv.png','0','da',1,'0000-00-00 00:00:00','0000-00-00 00:00:00'),(277,1,24,1,'Mastercard Platin','Mastercard Platin',0,'dk/products/credit-card/LP-Platinum-rv.png','0','da',1,'0000-00-00 00:00:00','0000-00-00 00:00:00'),(278,1,25,1,'MasterCard Classic u. Forsikring','MasterCard Classic u. Forsikring',0,'dk/products/credit-card/LP-Standard-rv.png','http://www.handelsbanken.dk/shb/inet/icentda.nsf/vlookuppics/handelsbankendk_mastercard_ansogning/$file/mc_ansoeg_www.pdf','da',1,'0000-00-00 00:00:00','0000-00-00 00:00:00'),(279,1,25,1,'MasterCard Classic m. Forsikring','MasterCard Classic m. Forsikring',0,'dk/products/credit-card/LP-Standard-rv.png','http://www.handelsbanken.dk/shb/inet/icentda.nsf/vlookuppics/handelsbankendk_mastercard_ansogning/$file/mc_ansoeg_www.pdf','da',1,'0000-00-00 00:00:00','0000-00-00 00:00:00'),(280,1,25,1,'Mastercard Gold','Mastercard Gold',0,'dk/products/credit-card/LP-Guld-rv.png','http://www.handelsbanken.dk/shb/inet/icentda.nsf/vlookuppics/handelsbankendk_mastercard_ansogning/$file/mc_ansoeg_www.pdf','da',1,'0000-00-00 00:00:00','0000-00-00 00:00:00'),(281,1,25,1,'MasterCard Platinum','MasterCard Platinum',0,'dk/products/credit-card/LP-Platinum-rv.png','http://www.handelsbanken.dk/shb/inet/icentda.nsf/vlookuppics/handelsbankendk_mastercard_ansogning/$file/mc_ansoeg_www.pdf','da',1,'0000-00-00 00:00:00','0000-00-00 00:00:00'),(282,1,26,1,'Visa/Dankort','Visa/Dankort',0,'dk/products/credit-card/LP-Standard-rv.png','0','da',1,'0000-00-00 00:00:00','0000-00-00 00:00:00'),(283,1,26,1,'MasterCard Standard','MasterCard Standard',0,'dk/products/credit-card/LP-Standard-rv.png','0','da',1,'0000-00-00 00:00:00','0000-00-00 00:00:00'),(284,1,26,1,'MasterCard Guld','MasterCard Guld',0,'dk/products/credit-card/LP-Guld-rv.png','0','da',1,'0000-00-00 00:00:00','0000-00-00 00:00:00'),(285,1,26,1,'MasterCard Platinum','MasterCard Platinum',0,'dk/products/credit-card/LP-Platinum-rv.png','0','da',1,'0000-00-00 00:00:00','0000-00-00 00:00:00'),(286,1,27,1,'Ikano Bank Visa','Ikano Bank Visa',0,'dk/products/credit-card/Ikano-Bank-Ikano-Bank-Visa-rv.png','https://application.ikanobank.nu/plus-sportal-dk/internetApplication/editApplication/editApplication.jsf;jsessionid=1D40163280F5A8AA54DC1754FC0CC50D.DK_ONE?screen=PERS3&conversationId=76102','da',1,'0000-00-00 00:00:00','0000-00-00 00:00:00'),(287,1,28,1,'Visa/Dankort','Visa/Dankort',0,'dk/products/credit-card/Jyske-Bank-MasterCard-Basis-rv.png','https://www.jyskebank.dk/wps/portal/jfo/forside/privat/dagligoekonomi/kort/bestilkort?cardid=Card01','da',1,'0000-00-00 00:00:00','0000-00-00 00:00:00'),(288,1,28,1,'MasterCard Basis','MasterCard Basis',0,'dk/products/credit-card/Jyske-Bank-MasterCard-Basis-rv.png','http://www.jyskebank.dk/wps/portal/jfo/forside/privat/dagligoekonomi/kort/bestiljyskemastercardbasis?cardid=Card02','da',1,'0000-00-00 00:00:00','0000-00-00 00:00:00'),(289,1,28,1,'MasterCard Gold','MasterCard Gold',0,'dk/products/credit-card/LP-Guld-rv.png','http://www.jyskebank.dk/wps/portal/jfo/forside/privat/dagligoekonomi/kort/bestiljyskemastercardbasis?cardid=Card03','da',1,'0000-00-00 00:00:00','0000-00-00 00:00:00'),(290,1,28,1,'MasterCard Platinum','MasterCard Platinum',0,'dk/products/credit-card/Jyske-Bank-MasterCard-Platinum-rv.png','http://www.jyskebank.dk/wps/portal/jfo/forside/privat/dagligoekonomi/kort/bestiljyskemastercardbasis?cardid=Card04','da',1,'0000-00-00 00:00:00','0000-00-00 00:00:00'),(291,1,29,1,'Visa/Dankort','Visa/Dankort',0,'dk/products/credit-card/LP-Standard-rv.png','http://alm.kreditbanken.dk/Bestil+kort.283.aspx','da',1,'0000-00-00 00:00:00','0000-00-00 00:00:00'),(292,1,29,1,'MasterCard Standard +','MasterCard Standard +',0,'dk/products/credit-card/LP-Standard-rv.png','http://alm.kreditbanken.dk/Ansøg+om+MasterCard+Privat.250.aspx','da',1,'0000-00-00 00:00:00','0000-00-00 00:00:00'),(293,1,29,1,'MasterCard Privat Guld ','MasterCard Privat Guld ',0,'dk/products/credit-card/LP-Guld-rv.png','http://alm.kreditbanken.dk/Ansøg+om+MasterCard+Privat.250.aspx','da',1,'0000-00-00 00:00:00','0000-00-00 00:00:00'),(294,1,29,1,'MasterCard Private Platinum','MasterCard Private Platinum',0,'dk/products/credit-card/LP-Platinum-rv.png','http://alm.kreditbanken.dk/Ansøg+om+MasterCard+Privat.250.aspx','da',1,'0000-00-00 00:00:00','0000-00-00 00:00:00'),(295,1,30,1,'LO plus Guldkort','LO plus Guldkort',0,'dk/products/credit-card/LO-LO-plus-Guldkort-rv.png','https://aps.loplus-guldkort.dk/loplus.cca','da',1,'0000-00-00 00:00:00','0000-00-00 00:00:00'),(296,1,31,1,'Visa/Dankort','Visa/Dankort',0,'dk/products/credit-card/LP-Standard-rv.png','0','da',1,'0000-00-00 00:00:00','0000-00-00 00:00:00'),(297,1,31,1,'MasterCard Standard','MasterCard Standard',0,'dk/products/credit-card/LP-Standard-rv.png','0','da',1,'0000-00-00 00:00:00','0000-00-00 00:00:00'),(298,1,31,1,'MasterCard Privat Guld ','MasterCard Privat Guld ',0,'dk/products/credit-card/LP-Guld-rv.png','0','da',1,'0000-00-00 00:00:00','0000-00-00 00:00:00'),(299,1,31,1,'MasterCard Platinum','MasterCard Platinum',0,'dk/products/credit-card/LP-Platinum-rv.png','0','da',1,'0000-00-00 00:00:00','0000-00-00 00:00:00'),(300,1,32,1,'Visa/Dankort','Visa/Dankort',0,'dk/products/credit-card/LP-Standard-rv.png','0','da',1,'0000-00-00 00:00:00','0000-00-00 00:00:00'),(301,1,32,1,'MasterCard','MasterCard',0,'dk/products/credit-card/LP-Standard-rv.png','0','da',1,'0000-00-00 00:00:00','0000-00-00 00:00:00'),(302,1,32,1,'MasterCard  Gold','MasterCard  Gold',0,'dk/products/credit-card/LP-Guld-rv.png','0','da',1,'0000-00-00 00:00:00','0000-00-00 00:00:00'),(303,1,32,1,'MasterCard Platinum','MasterCard Platinum',0,'dk/products/credit-card/LP-Platinum-rv.png','0','da',1,'0000-00-00 00:00:00','0000-00-00 00:00:00'),(304,1,33,1,'Magasin Goodie Card+','Magasin Goodie Card+',0,'dk/products/credit-card/LP-Standard-rv.png','http://ww2.ikano.dk/magasin/internet/','da',1,'0000-00-00 00:00:00','0000-00-00 00:00:00'),(305,1,34,1,'Visa/Dankort','Visa/Dankort',0,'dk/products/credit-card/LP-Standard-rv.png','0','da',1,'0000-00-00 00:00:00','0000-00-00 00:00:00'),(306,1,34,1,'MasterCard Standard','MasterCard Standard',0,'dk/products/credit-card/LP-Standard-rv.png','0','da',1,'0000-00-00 00:00:00','0000-00-00 00:00:00'),(307,1,34,1,'MasterCard Privat Guld ','MasterCard Privat Guld ',0,'dk/products/credit-card/LP-Guld-rv.png','0','da',1,'0000-00-00 00:00:00','0000-00-00 00:00:00'),(308,1,34,1,'MasterCard Platinum','MasterCard Platinum',0,'dk/products/credit-card/LP-Platinum-rv.png','0','da',1,'0000-00-00 00:00:00','0000-00-00 00:00:00'),(309,1,35,1,'Visa/Dankort','Visa/Dankort',0,'dk/products/credit-card/LP-Standard-rv.png','0','da',1,'0000-00-00 00:00:00','0000-00-00 00:00:00'),(310,1,35,1,'MasterCard Standard','MasterCard Standard',0,'dk/products/credit-card/LP-Standard-rv.png','0','da',1,'0000-00-00 00:00:00','0000-00-00 00:00:00'),(311,1,35,1,'MasterCard Privat Guld ','MasterCard Privat Guld ',0,'dk/products/credit-card/LP-Guld-rv.png','0','da',1,'0000-00-00 00:00:00','0000-00-00 00:00:00'),(312,1,35,1,'MasterCard Platinum','MasterCard Platinum',0,'dk/products/credit-card/LP-Platinum-rv.png','0','da',1,'0000-00-00 00:00:00','0000-00-00 00:00:00'),(313,1,36,1,'Visa/Dankort','Visa/Dankort',0,'dk/products/credit-card/LP-Standard-rv.png','https://www.moensbank.dk/sites/default/files/mediearkiv/privat/kortbestilling%2011_11.pdf','da',1,'0000-00-00 00:00:00','0000-00-00 00:00:00'),(314,1,36,1,'MasterCard Standard','MasterCard Standard',0,'dk/products/credit-card/LP-Standard-rv.png','https://www.moensbank.dk/sites/default/files/mediearkiv/privat/kortbestilling%2011_11.pdf','da',1,'0000-00-00 00:00:00','0000-00-00 00:00:00'),(315,1,36,1,'MasterCard Privat Guld ','MasterCard Privat Guld ',0,'dk/products/credit-card/LP-Guld-rv.png','https://www.moensbank.dk/sites/default/files/mediearkiv/privat/kortbestilling%2011_11.pdf','da',1,'0000-00-00 00:00:00','0000-00-00 00:00:00'),(316,1,36,1,'MasterCard Platinum','MasterCard Platinum',0,'dk/products/credit-card/LP-Platinum-rv.png','https://www.moensbank.dk/sites/default/files/mediearkiv/privat/kortbestilling%2011_11.pdf','da',1,'0000-00-00 00:00:00','0000-00-00 00:00:00'),(317,1,37,1,'MasterCard  Gold','MasterCard  Gold',0,'dk/products/credit-card/Nordea-MasterCard--Gold-rv.png','http://www.nordea.dk/Privat/Daglig+økonomi/Betalings-+og+kreditkort/MasterCard+Gold/31102.html?WT.svl=mega-menu_daglig-okonomi_product_mastercard-gold','da',1,'0000-00-00 00:00:00','0000-00-00 00:00:00'),(318,1,37,1,'Nordea Black','Nordea Black',0,'dk/products/credit-card/LP-Standard-rv.png','0','da',1,'0000-00-00 00:00:00','0000-00-00 00:00:00'),(319,1,37,1,'MasterCard Basis','MasterCard Basis',0,'dk/products/credit-card/Nordea-MasterCard-Basis-rv.png','http://www.nordea.dk/Privat/Daglig+økonomi/Betalings-+og+kreditkort/MasterCard/31092.html?WT.svl=mega-menu_daglig-okonomi_product_mastercard','da',1,'0000-00-00 00:00:00','0000-00-00 00:00:00'),(320,1,37,1,'MasterCard Premium','MasterCard Premium',0,'dk/products/credit-card/LP-Standard-rv.png','0','da',1,'0000-00-00 00:00:00','0000-00-00 00:00:00'),(321,1,37,1,'Visa/Dankort','Visa/Dankort',0,'dk/products/credit-card/LP-Standard-rv.png','http://www.nordea.dk/Privat/Daglig+økonomi/Betalings-+og+kreditkort/Visa+dankort/31072.html?WT.svl=mega-menu_daglig-okonomi_product_visa-dankort','da',1,'0000-00-00 00:00:00','0000-00-00 00:00:00'),(322,1,38,1,'Visa/Dankort','Visa/Dankort',0,'dk/products/credit-card/LP-Standard-rv.png','0','da',1,'0000-00-00 00:00:00','0000-00-00 00:00:00'),(323,1,38,1,'MasterCard Standard','MasterCard Standard',0,'dk/products/credit-card/LP-Standard-rv.png','http://alm.nordfynsbank.dk/media/ksj_microsoft_word_-_privatkort_kunde_090905.pdf','da',1,'0000-00-00 00:00:00','0000-00-00 00:00:00'),(324,1,38,1,'MasterCard Privat Guld ','MasterCard Privat Guld ',0,'dk/products/credit-card/LP-Guld-rv.png','http://alm.nordfynsbank.dk/media/ksj_microsoft_word_-_privatkort_kunde_090905.pdf','da',1,'0000-00-00 00:00:00','0000-00-00 00:00:00'),(325,1,38,1,'MasterCard Platinum','MasterCard Platinum',0,'dk/products/credit-card/LP-Platinum-rv.png','http://alm.nordfynsbank.dk/media/ksj_microsoft_word_-_privatkort_kunde_090905.pdf','da',1,'0000-00-00 00:00:00','0000-00-00 00:00:00'),(326,1,39,1,'Visa/Dankort','Visa/Dankort',0,'dk/products/credit-card/Nordjyske-Bank-Visa_Dankort-rv.png','0','da',1,'0000-00-00 00:00:00','0000-00-00 00:00:00'),(327,1,39,1,'MasterCard Standard','MasterCard Standard',0,'dk/products/credit-card/LP-Standard-rv.png','0','da',1,'0000-00-00 00:00:00','0000-00-00 00:00:00'),(328,1,39,1,'MasterCard Privat Guld ','MasterCard Privat Guld ',0,'dk/products/credit-card/LP-Guld-rv.png','0','da',1,'0000-00-00 00:00:00','0000-00-00 00:00:00'),(329,1,39,1,'MasterCard Platinum','MasterCard Platinum',0,'dk/products/credit-card/LP-Platinum-rv.png','0','da',1,'0000-00-00 00:00:00','0000-00-00 00:00:00'),(330,1,40,1,'Visa/Dankort','Visa/Dankort',0,'dk/products/credit-card/LP-Standard-rv.png','0','da',1,'0000-00-00 00:00:00','0000-00-00 00:00:00'),(331,1,40,1,'Mastercard Blue Shoping','Mastercard Blue Shoping',0,'dk/products/credit-card/Nykredit-Mastercard-Blue-Shoping-rv.png','http://nykredit.dk/privat/ressourcer/dokumenter/pdf/Ansogningsblanket-Kreditkort.pdf','da',1,'0000-00-00 00:00:00','0000-00-00 00:00:00'),(332,1,40,1,'Mastercard Gold','Mastercard Gold',0,'dk/products/credit-card/Nykredit-Mastercard-Gold-rv.png','http://nykredit.dk/privat/ressourcer/dokumenter/pdf/Ansogningsblanket-Kreditkort.pdf','da',1,'0000-00-00 00:00:00','0000-00-00 00:00:00'),(333,1,40,1,'MasterCard Platinum','MasterCard Platinum',0,'dk/products/credit-card/Nykredit-MasterCard-Platinum-rv.png','http://nykredit.dk/privat/ressourcer/dokumenter/pdf/Ansogningsblanket-Kreditkort.pdf','da',1,'0000-00-00 00:00:00','0000-00-00 00:00:00'),(334,1,40,1,'Visa Infinite','Visa Infinite',0,'dk/products/credit-card/LP-Standard-rv.png','0','da',1,'0000-00-00 00:00:00','0000-00-00 00:00:00'),(335,1,41,1,'Visa/Dankort','Visa/Dankort',0,'dk/products/credit-card/Nørresundby-Bank-Visa_Dankort-rv.png','0','da',1,'0000-00-00 00:00:00','0000-00-00 00:00:00'),(336,1,41,1,'MasterCard Standard','MasterCard Standard',0,'dk/products/credit-card/LP-Standard-rv.png','0','da',1,'0000-00-00 00:00:00','0000-00-00 00:00:00'),(337,1,41,1,'MasterCard Privat Guld ','MasterCard Privat Guld ',0,'dk/products/credit-card/Nørresundby-Bank-MasterCard-Privat-Guld-rv.png','0','da',1,'0000-00-00 00:00:00','0000-00-00 00:00:00'),(338,1,41,1,'MasterCard Platinum','MasterCard Platinum',0,'dk/products/credit-card/LP-Platinum-rv.png','0','da',1,'0000-00-00 00:00:00','0000-00-00 00:00:00'),(339,1,42,1,'Visa/Dankort','Visa/Dankort',0,'dk/products/credit-card/Ringkjøbing-Landbobank-Visa_Dankort-rv.png','0','da',1,'0000-00-00 00:00:00','0000-00-00 00:00:00'),(340,1,42,1,'MasterCard Standard','MasterCard Standard',0,'dk/products/credit-card/LP-Standard-rv.png','http://alm.landbobanken.dk/media/Privatkort_010411.pdf','da',1,'0000-00-00 00:00:00','0000-00-00 00:00:00'),(341,1,42,1,'MasterCard Privat Guld ','MasterCard Privat Guld ',0,'dk/products/credit-card/LP-Guld-rv.png','http://alm.landbobanken.dk/media/Privatkort_010411.pdf','da',1,'0000-00-00 00:00:00','0000-00-00 00:00:00'),(342,1,42,1,'MasterCard Platinum','MasterCard Platinum',0,'dk/products/credit-card/LP-Platinum-rv.png','http://alm.landbobanken.dk/media/Privatkort_010411.pdf','da',1,'0000-00-00 00:00:00','0000-00-00 00:00:00'),(343,1,43,1,'Visa/Dankort','Visa/Dankort',0,'dk/products/credit-card/LP-Standard-rv.png','0','da',1,'0000-00-00 00:00:00','0000-00-00 00:00:00'),(344,1,43,1,'MasterCard Standard','MasterCard Standard',0,'dk/products/credit-card/LP-Standard-rv.png','0','da',1,'0000-00-00 00:00:00','0000-00-00 00:00:00'),(345,1,43,1,'MasterCard Privat Guld ','MasterCard Privat Guld ',0,'dk/products/credit-card/LP-Guld-rv.png','0','da',1,'0000-00-00 00:00:00','0000-00-00 00:00:00'),(346,1,44,1,'Visa/Dankort','Visa/Dankort',0,'dk/products/credit-card/LP-Standard-rv.png','0','da',1,'0000-00-00 00:00:00','0000-00-00 00:00:00'),(347,1,44,1,'MasterCard Standard','MasterCard Standard',0,'dk/products/credit-card/LP-Standard-rv.png','0','da',1,'0000-00-00 00:00:00','0000-00-00 00:00:00'),(348,1,44,1,'MasterCard Privat Guld ','MasterCard Privat Guld ',0,'dk/products/credit-card/LP-Guld-rv.png','0','da',1,'0000-00-00 00:00:00','0000-00-00 00:00:00'),(349,1,44,1,'MasterCard Platinum','MasterCard Platinum',0,'dk/products/credit-card/LP-Platinum-rv.png','0','da',1,'0000-00-00 00:00:00','0000-00-00 00:00:00'),(350,1,45,1,'Visa/Dankort','Visa/Dankort',0,'dk/products/credit-card/LP-Standard-rv.png','https://www.sallingbank.dk/Default.aspx?ID=3394','da',1,'0000-00-00 00:00:00','0000-00-00 00:00:00'),(351,1,45,1,'MasterCard Standard','MasterCard Standard',0,'dk/products/credit-card/Salling-Bank-MasterCard-Standard-rv.png','https://www.sallingbank.dk/Default.aspx?ID=3394','da',1,'0000-00-00 00:00:00','0000-00-00 00:00:00'),(352,1,45,1,'MasterCard Privat Guld ','MasterCard Privat Guld ',0,'dk/products/credit-card/Salling-Bank-MasterCard-Privat-Guld-rv.png','https://www.sallingbank.dk/Default.aspx?ID=3394','da',1,'0000-00-00 00:00:00','0000-00-00 00:00:00'),(353,1,45,1,'MasterCard Platinum','MasterCard Platinum',0,'dk/products/credit-card/Salling-Bank-MasterCard-Platinum-rv.png','https://www.sallingbank.dk/Default.aspx?ID=3394','da',1,'0000-00-00 00:00:00','0000-00-00 00:00:00'),(354,1,46,1,'Visa/Dankort','Visa/Dankort',0,'dk/products/credit-card/Saxo-Bank-Privat-Visa_Dankort-rv.png','https://cardshop.xponcard.com/LPI/SaxoPrivatBank/confirmAgreement.aspx','da',1,'0000-00-00 00:00:00','0000-00-00 00:00:00'),(355,1,46,1,'MasterCard Standard','MasterCard Standard',0,'dk/products/credit-card/LP-Standard-rv.png','https://cardshop.xponcard.com/LPI/SaxoPrivatBank/confirmAgreement.aspx','da',1,'0000-00-00 00:00:00','0000-00-00 00:00:00'),(356,1,46,1,'Mastercard Gold','Mastercard Gold',0,'dk/products/credit-card/LP-Guld-rv.png','https://cardshop.xponcard.com/LPI/SaxoPrivatBank/confirmAgreement.aspx','da',1,'0000-00-00 00:00:00','0000-00-00 00:00:00'),(357,1,46,1,'Mastercard Platinum','Mastercard Platinum',0,'dk/products/credit-card/LP-Platinum-rv.png','https://cardshop.xponcard.com/LPI/SaxoPrivatBank/confirmAgreement.aspx','da',1,'0000-00-00 00:00:00','0000-00-00 00:00:00'),(358,1,47,1,'Eurocard ','Eurocard ',0,'dk/products/credit-card/SEB-Eurocard-Eurocard-rv.png','http://www.eurocard.dk/Privat/Vores-kort/Eurocard/Ansog/','da',1,'0000-00-00 00:00:00','0000-00-00 00:00:00'),(359,1,47,1,'Eurocard Gold','Eurocard Gold',0,'dk/products/credit-card/SEB-Eurocard-Eurocard-Gold-rv.png','http://www.eurocard.dk/Privat/Vores-kort/Eurocard-Gold/Ansog/','da',1,'0000-00-00 00:00:00','0000-00-00 00:00:00'),(360,1,47,1,'Eurocard Platinum','Eurocard Platinum',0,'dk/products/credit-card/LP-Standard-rv.png','http://www.eurocard.dk/Privat/Vores-kort/Eurocard-Platinum/Ansog/','da',1,'0000-00-00 00:00:00','0000-00-00 00:00:00'),(361,1,47,1,'Eurocard by Invitation','Eurocard by Invitation',0,'dk/products/credit-card/LP-Standard-rv.png','0','da',1,'0000-00-00 00:00:00','0000-00-00 00:00:00'),(362,1,48,1,'Visa/Dankort','Visa/Dankort',0,'dk/products/credit-card/LP-Standard-rv.png','0','da',1,'0000-00-00 00:00:00','0000-00-00 00:00:00'),(363,1,48,1,'MasterCard Standard','MasterCard Standard',0,'dk/products/credit-card/LP-Standard-rv.png','0','da',1,'0000-00-00 00:00:00','0000-00-00 00:00:00'),(364,1,48,1,'MasterCard Privat Guld ','MasterCard Privat Guld ',0,'dk/products/credit-card/LP-Guld-rv.png','0','da',1,'0000-00-00 00:00:00','0000-00-00 00:00:00'),(365,1,48,1,'MasterCard Platinum','MasterCard Platinum',0,'dk/products/credit-card/LP-Platinum-rv.png','0','da',1,'0000-00-00 00:00:00','0000-00-00 00:00:00'),(366,1,49,1,'Visa/Dankort','Visa/Dankort',0,'dk/products/credit-card/LP-Standard-rv.png','0','da',1,'0000-00-00 00:00:00','0000-00-00 00:00:00'),(367,1,49,1,'MasterCard Classic','MasterCard Classic',0,'dk/products/credit-card/LP-Standard-rv.png','0','da',1,'0000-00-00 00:00:00','0000-00-00 00:00:00'),(368,1,49,1,'Stjerne MasterCard Guld','Stjerne MasterCard Guld',0,'dk/products/credit-card/LP-Guld-rv.png','0','da',1,'0000-00-00 00:00:00','0000-00-00 00:00:00'),(369,1,49,1,'Stjerne Mastercard Platin','Stjerne Mastercard Platin',0,'dk/products/credit-card/LP-Platinum-rv.png','0','da',1,'0000-00-00 00:00:00','0000-00-00 00:00:00'),(370,1,50,1,'Visa/Dankort','Visa/Dankort',0,'dk/products/credit-card/LP-Standard-rv.png','0','da',1,'0000-00-00 00:00:00','0000-00-00 00:00:00'),(371,1,50,1,'MasterCard Standard','MasterCard Standard',0,'dk/products/credit-card/Sparekassen-Sjælland-MasterCard-Standard-rv.png','http://www.sparekassenfaaborg.dk/Privat/Daglig%20okonomi/Betalingskort/MasterCard/Bestil%20MasterCard/','da',1,'0000-00-00 00:00:00','0000-00-00 00:00:00'),(372,1,50,1,'MasterCard Privat Guld ','MasterCard Privat Guld ',0,'dk/products/credit-card/Sydbank-MasterCard-Private-Gold-rv.png','http://www.sparekassenfaaborg.dk/Privat/Daglig%20okonomi/Betalingskort/MasterCard/Bestil%20MasterCard/','da',1,'0000-00-00 00:00:00','0000-00-00 00:00:00'),(373,1,50,1,'MasterCard Platinum','MasterCard Platinum',0,'dk/products/credit-card/Sparekassen-Sjælland-MasterCard-Platinum-rv.png','http://www.sparekassenfaaborg.dk/Privat/Daglig%20okonomi/Betalingskort/MasterCard/Bestil%20MasterCard/','da',1,'0000-00-00 00:00:00','0000-00-00 00:00:00'),(374,1,51,1,'MasterCard Standard','MasterCard Standard',0,'dk/products/credit-card/LP-Standard-rv.png','0','da',1,'0000-00-00 00:00:00','0000-00-00 00:00:00'),(375,1,51,1,'MasterCard Guld','MasterCard Guld',0,'dk/products/credit-card/LP-Guld-rv.png','0','da',1,'0000-00-00 00:00:00','0000-00-00 00:00:00'),(376,1,51,1,'MasterCard Platinum','MasterCard Platinum',0,'dk/products/credit-card/LP-Platinum-rv.png','0','da',1,'0000-00-00 00:00:00','0000-00-00 00:00:00'),(377,1,52,1,'Visa/Dankort','Visa/Dankort',0,'dk/products/credit-card/LP-Standard-rv.png','0','da',1,'0000-00-00 00:00:00','0000-00-00 00:00:00'),(378,1,52,1,'MasterCard Standard','MasterCard Standard',0,'dk/products/credit-card/LP-Standard-rv.png','0','da',1,'0000-00-00 00:00:00','0000-00-00 00:00:00'),(379,1,52,1,'MasterCard Privat Guld ','MasterCard Privat Guld ',0,'dk/products/credit-card/LP-Guld-rv.png','0','da',1,'0000-00-00 00:00:00','0000-00-00 00:00:00'),(380,1,52,1,'MasterCard Platinum','MasterCard Platinum',0,'dk/products/credit-card/LP-Platinum-rv.png','0','da',1,'0000-00-00 00:00:00','0000-00-00 00:00:00'),(381,1,53,1,'Visa/Dankort','Visa/Dankort',0,'dk/products/credit-card/LP-Standard-rv.png','0','da',1,'0000-00-00 00:00:00','0000-00-00 00:00:00'),(382,1,53,1,'MasterCard Standard','MasterCard Standard',0,'dk/products/credit-card/LP-Standard-rv.png','0','da',1,'0000-00-00 00:00:00','0000-00-00 00:00:00'),(383,1,53,1,'MasterCard Privat Guld ','MasterCard Privat Guld ',0,'dk/products/credit-card/LP-Guld-rv.png','0','da',1,'0000-00-00 00:00:00','0000-00-00 00:00:00'),(384,1,53,1,'MasterCard Platinum','MasterCard Platinum',0,'dk/products/credit-card/LP-Platinum-rv.png','0','da',1,'0000-00-00 00:00:00','0000-00-00 00:00:00'),(385,1,54,1,'Visa/Dankort','Visa/Dankort',0,'dk/products/credit-card/LP-Standard-rv.png','0','da',1,'0000-00-00 00:00:00','0000-00-00 00:00:00'),(386,1,54,1,'MasterCard Standard','MasterCard Standard',0,'dk/products/credit-card/Sparekassen-Sjælland-MasterCard-Standard-rv.png','http://alm.spks.dk/media/ansogning_om_privatkort.pdf','da',1,'0000-00-00 00:00:00','0000-00-00 00:00:00'),(387,1,54,1,'MasterCard Privat Guld ','MasterCard Privat Guld ',0,'dk/products/credit-card/Sparekassen-Sjælland-MasterCard-Privat-Guld-rv.png','http://alm.spks.dk/media/ansogning_om_privatkort.pdf','da',1,'0000-00-00 00:00:00','0000-00-00 00:00:00'),(388,1,54,1,'MasterCard Platinum','MasterCard Platinum',0,'dk/products/credit-card/Sparekassen Sjælland MasterCard Platinum.jpg','http://alm.spks.dk/media/ansogning_om_privatkort.pdf','da',1,'0000-00-00 00:00:00','0000-00-00 00:00:00'),(389,1,55,1,'MasterCard Business Standard','MasterCard Business Standard',0,'dk/products/credit-card/LP-Standard-rv.png','0','da',1,'0000-00-00 00:00:00','0000-00-00 00:00:00'),(390,1,55,1,'MasterCard Business Guld','MasterCard Business Guld',0,'dk/products/credit-card/LP-Guld-rv.png','0','da',1,'0000-00-00 00:00:00','0000-00-00 00:00:00'),(391,1,55,1,'MasterCard Business Platinum','MasterCard Business Platinum',0,'dk/products/credit-card/LP-Platinum-rv.png','0','da',1,'0000-00-00 00:00:00','0000-00-00 00:00:00'),(392,1,56,1,'MasterCard Standard','MasterCard Standard',0,'dk/products/credit-card/LP-Standard-rv.png','0','da',1,'0000-00-00 00:00:00','0000-00-00 00:00:00'),(393,1,56,1,'MasterCard  Guld','MasterCard  Guld',0,'dk/products/credit-card/LP-Guld-rv.png','0','da',1,'0000-00-00 00:00:00','0000-00-00 00:00:00'),(394,1,56,1,'MasterCard Platinum','MasterCard Platinum',0,'dk/products/credit-card/LP-Platinum-rv.png','0','da',1,'0000-00-00 00:00:00','0000-00-00 00:00:00'),(395,1,57,1,'Visa/Dankort','Visa/Dankort',0,'dk/products/credit-card/LP-Standard-rv.png','0','da',1,'0000-00-00 00:00:00','0000-00-00 00:00:00'),(396,1,58,1,'Visa/Dankort','Visa/Dankort',0,'dk/products/credit-card/LP-Standard-rv.png','http://www.sydbank.dk/privat/produkter/kort/betalingskort/bestil/visadankort','da',1,'0000-00-00 00:00:00','0000-00-00 00:00:00'),(397,1,58,1,'MasterCard Private Classic','MasterCard Private Classic',0,'dk/products/credit-card/Sydbank-MasterCard-Private-Classic-rv.png','http://www.sydbank.dk/inc/pdf/mastercard/ansoegningsskema-privat.pdf','da',1,'0000-00-00 00:00:00','0000-00-00 00:00:00'),(398,1,58,1,'MasterCard Private Gold','MasterCard Private Gold',0,'dk/products/credit-card/Sydbank-MasterCard-Private-Gold-rv.png','http://www.sydbank.dk/inc/pdf/mastercard/ansoegningsskema-privat.pdf','da',1,'0000-00-00 00:00:00','0000-00-00 00:00:00'),(399,1,58,1,'MasterCard Private Platinum','MasterCard Private Platinum',0,'dk/products/credit-card/Sydbank-MasterCard-Private-Platinum-rv.png','http://www.sydbank.dk/inc/pdf/mastercard/ansoegningsskema-privat.pdf','da',1,'0000-00-00 00:00:00','0000-00-00 00:00:00'),(400,1,58,1,'MasterCard Private Banking','MasterCard Private Banking',0,'dk/products/credit-card/LP-Standard-rv.png','0','da',1,'0000-00-00 00:00:00','0000-00-00 00:00:00'),(401,1,59,1,'MasterCard Privat Standard ','MasterCard Privat Standard ',0,'dk/products/credit-card/LP-Standard-rv.png','http://www.totalbanken.dk/media/documents/MasterCard%20privat.pdf','da',1,'0000-00-00 00:00:00','0000-00-00 00:00:00'),(402,1,59,1,'MasterCard Privat Guld ','MasterCard Privat Guld ',0,'dk/products/credit-card/LP-Guld-rv.png','http://www.totalbanken.dk/media/documents/MasterCard%20privat.pdf','da',1,'0000-00-00 00:00:00','0000-00-00 00:00:00'),(403,1,59,1,'MasterCard Privat Platinum ','MasterCard Privat Platinum ',0,'dk/products/credit-card/LP-Platinum-rv.png','http://www.totalbanken.dk/media/documents/MasterCard%20privat.pdf','da',1,'0000-00-00 00:00:00','0000-00-00 00:00:00'),(404,1,60,1,'MasterCard Business Standard','MasterCard Business Standard',0,'dk/products/credit-card/Vestjysk-Bank-MasterCard-Business-Standard-rv.png','https://www.vestjyskbank.dk/kort/mastercard-business.aspx','da',1,'0000-00-00 00:00:00','0000-00-00 00:00:00'),(405,1,60,1,'MasterCard Business Guld','MasterCard Business Guld',0,'dk/products/credit-card/Vestjysk-Bank-MasterCard-Business-Guld-rv.png','https://www.vestjyskbank.dk/kort/mastercard-business.aspx','da',1,'0000-00-00 00:00:00','0000-00-00 00:00:00'),(406,1,60,1,'MasterCard Business Platinum','MasterCard Business Platinum',0,'dk/products/credit-card/Vestjysk-Bank-MasterCard-Business-Platinum-rv.png','https://www.vestjyskbank.dk/kort/mastercard-business.aspx','da',1,'0000-00-00 00:00:00','0000-00-00 00:00:00'),(407,1,60,1,'MasterCard Standard','MasterCard Standard',0,'dk/products/credit-card/Vestjysk-Bank-MasterCard-Standard-rv.png','https://www.vestjyskbank.dk/kort/mastercard-kredit.aspx','da',1,'0000-00-00 00:00:00','0000-00-00 00:00:00'),(408,1,60,1,'MasterCard Guld','MasterCard Guld',0,'dk/products/credit-card/Vestjysk-Bank-MasterCard-Guld-rv.png','https://www.vestjyskbank.dk/kort/mastercard-kredit.aspx','da',1,'0000-00-00 00:00:00','0000-00-00 00:00:00'),(409,1,60,1,'Mastercard Platin','Mastercard Platin',0,'dk/products/credit-card/Vestjysk-Bank-Mastercard-Platin-rv.png','https://www.vestjyskbank.dk/kort/mastercard-kredit.aspx','da',1,'0000-00-00 00:00:00','0000-00-00 00:00:00'),(522,2,5,1,'Forbrugslån','Forbrugslån',0,'dk/products/personal-loans/Alm_Brand_Bank_log.jpg','','da',1,'0000-00-00 00:00:00','0000-00-00 00:00:00'),(523,2,5,1,'Forbrugslån (plusKUNDE (engagement min. 150.000 kr.))','Forbrugslån (plusKUNDE (engagement min. 150.000 kr.))',0,'dk/products/personal-loans/Alm_Brand_Bank_log.jpg','','da',1,'0000-00-00 00:00:00','0000-00-00 00:00:00'),(524,2,5,1,'Forbrugslån (plusKUNDE (engagement min. 300.000 kr.))','Forbrugslån (plusKUNDE (engagement min. 300.000 kr.))',0,'dk/products/personal-loans/Alm_Brand_Bank_log.jpg','','da',1,'0000-00-00 00:00:00','0000-00-00 00:00:00'),(525,2,8,1,'Forbrugslån','Forbrugslån',0,'dk/products/personal-loans/Andelskassen_JAK_Slagelse_Logo.jpg','','da',1,'0000-00-00 00:00:00','0000-00-00 00:00:00'),(526,2,6,1,'Forbrugslån','Forbrugslån',0,'dk/products/personal-loans/Andelskassen_Østervrå_logo.jpg','','da',1,'0000-00-00 00:00:00','0000-00-00 00:00:00'),(527,2,3,1,'Forbrugslån','Forbrugslån',0,'dk/products/personal-loans/Arbejdernes_Landsbank_logo.jpg','','da',1,'0000-00-00 00:00:00','0000-00-00 00:00:00'),(528,2,9,1,'Forbrugslån','Forbrugslån',0,'dk/products/personal-loans/BankNordik_logo.jpg','http://www.banknordik.dk/Bliv-kunde.aspx?ID=1373','da',1,'0000-00-00 00:00:00','0000-00-00 00:00:00'),(529,2,9,1,' Forbrugslån (Nordik360) ',' Forbrugslån (Nordik360) ',0,'dk/products/personal-loans/BankNordik_logo.jpg','http://www.banknordik.dk/Bliv-kunde.aspx?ID=1373','da',1,'0000-00-00 00:00:00','0000-00-00 00:00:00'),(530,2,9,1,'Forbrugslån (Nordik360+) ','Forbrugslån (Nordik360+) ',0,'dk/products/personal-loans/BankNordik_logo.jpg','http://www.banknordik.dk/Bliv-kunde.aspx?ID=1373','da',1,'0000-00-00 00:00:00','0000-00-00 00:00:00'),(531,2,9,1,'Forbrugslån (Nordik360Premium) ','Forbrugslån (Nordik360Premium) ',0,'dk/products/personal-loans/BankNordik_logo.jpg','http://www.banknordik.dk/Bliv-kunde.aspx?ID=1373','da',1,'0000-00-00 00:00:00','0000-00-00 00:00:00'),(532,2,10,1,' Privatlån',' Privatlån',0,'dk/products/personal-loans/BankNordik_logo.jpg','http://www.basisbank.dk/kontakt/bliv-kontaktet','da',1,'0000-00-00 00:00:00','0000-00-00 00:00:00'),(533,2,61,1,'Privatlån','Privatlån',0,'dk/products/personal-loans/Borbjerg_Sparekasse_logo.jpg','','da',1,'0000-00-00 00:00:00','0000-00-00 00:00:00'),(534,2,62,1,'Forbrugslån','Forbrugslån',0,'dk/products/personal-loans/BRFKredit_logo.jpg','https://www.brf.dk/~/media/BRF/Privat/Opsparing%20og%20bank/PDF%20BRFkredit%20Bank/Indlaanskonto_bestilling.ashx','da',1,'0000-00-00 00:00:00','0000-00-00 00:00:00'),(535,2,12,1,'Forbrugslån','Forbrugslån',0,'dk/products/personal-loans/Broager_Sparekasse_logo.jpg','','da',1,'0000-00-00 00:00:00','0000-00-00 00:00:00'),(536,2,13,1,'Forbrugslån','Forbrugslån',0,'dk/products/personal-loans/Coop_Bank_logo.jpg','https://services.coop.dk/OAuthLogin/1.0a/CoopBank/request?oauth_token=v3Fpe5AsYpP8IRbxHmvxBdkWnf0%3D','da',1,'0000-00-00 00:00:00','0000-00-00 00:00:00'),(537,2,63,1,'Lavrentelån','Lavrentelån',0,'dk/products/personal-loans/DER_logo.jpg','https://www.der.dk/lavrentelaan.aspx','da',1,'0000-00-00 00:00:00','0000-00-00 00:00:00'),(538,2,63,1,'Quicklån','Quicklån',0,'dk/products/personal-loans/DER_logo.jpg','https://www.der.dk/quicklaan.aspx','da',1,'0000-00-00 00:00:00','0000-00-00 00:00:00'),(539,2,64,1,'Privatlån','Privatlån',0,'dk/products/personal-loans/Dan_Aktiv_logo.jpg','https://www.danaktiv.dk/laaneansoegning.aspx','da',1,'0000-00-00 00:00:00','0000-00-00 00:00:00'),(540,2,14,1,'Privatlån','Privatlån',0,'dk/products/personal-loans/Danske_Anedelskassers_Bank_logo.jpg','','da',1,'0000-00-00 00:00:00','0000-00-00 00:00:00'),(541,2,15,1,' Danske Lån',' Danske Lån',0,'dk/products/personal-loans/Danske_Bank_logo.jpg','http://www.danskebank.dk/da-dk/Privat/Laan/Forbrug/Pages/Bestil.aspx','da',1,'0000-00-00 00:00:00','0000-00-00 00:00:00'),(542,2,15,1,'Privatlån','Privatlån',0,'dk/products/personal-loans/Danske_Bank_logo.jpg','http://www.danskebank.dk/da-dk/Privat/Laan/Forbrug/Pages/Bestil.aspx','da',1,'0000-00-00 00:00:00','0000-00-00 00:00:00'),(543,2,16,1,'Forbrugslån','Forbrugslån',0,'dk/products/personal-loans/Den_Jyske_Sparekasse_logo.jpg','','da',1,'0000-00-00 00:00:00','0000-00-00 00:00:00'),(544,2,19,1,'Forbrugslån (Privatlån)','Forbrugslån (Privatlån)',0,'dk/products/personal-loans/Djurslands_Bank_logo.jpg','','da',1,'0000-00-00 00:00:00','0000-00-00 00:00:00'),(545,2,20,1,'Forbrugslån','Forbrugslån',0,'dk/products/personal-loans/Dragsholm_Sparekasse.jpg','','da',1,'0000-00-00 00:00:00','0000-00-00 00:00:00'),(546,2,65,1,'Privat Lån','Privat Lån',0,'dk/products/personal-loans/Dronninglund_Sparekasse_logo.jpg','','da',1,'0000-00-00 00:00:00','0000-00-00 00:00:00'),(547,2,66,1,'Ekspers Lån','Ekspers Lån',0,'dk/products/personal-loans/Ekspres_Bank_logo.jpg','https://www.ekspresbank.dk','da',1,'0000-00-00 00:00:00','0000-00-00 00:00:00'),(548,2,66,1,'Samlelån','Samlelån',0,'dk/products/personal-loans/Ekspres_Bank_logo.jpg','https://www.ekspresbank.dk/samlelaan/','da',1,'0000-00-00 00:00:00','0000-00-00 00:00:00'),(549,2,67,1,'Lån','Lån',0,'dk/products/personal-loans/Fanø_Sparekasse.jpg','','da',1,'0000-00-00 00:00:00','0000-00-00 00:00:00'),(550,2,67,1,'Privatlån','Privatlån',0,'dk/products/personal-loans/Fanø_Sparekasse.jpg','','da',1,'0000-00-00 00:00:00','0000-00-00 00:00:00'),(551,2,68,1,'Forbrugslån','Forbrugslån',0,'dk/products/personal-loans/Faster_Andelskasse_logo.jpg','','da',1,'0000-00-00 00:00:00','0000-00-00 00:00:00'),(552,2,69,1,'Privatlån','Privatlån',0,'dk/products/personal-loans/FinansNetbanken_logo.jpg','','da',1,'0000-00-00 00:00:00','0000-00-00 00:00:00'),(553,2,70,1,'Forbrugslån','Forbrugslån',0,'dk/products/personal-loans/Flemløse_Sparekasse_logo.jpg','','da',1,'0000-00-00 00:00:00','0000-00-00 00:00:00'),(554,2,71,1,'Forbrugslån','Forbrugslån',0,'dk/products/personal-loans/Folkesparekassen_logo.jpg','','da',1,'0000-00-00 00:00:00','0000-00-00 00:00:00'),(555,2,72,1,'Øvrige Lån','Øvrige Lån',0,'dk/products/personal-loans/Frørup_Andelskasse_logo.jpg','','da',1,'0000-00-00 00:00:00','0000-00-00 00:00:00'),(556,2,73,1,' Frøs Privatlån',' Frøs Privatlån',0,'dk/products/personal-loans/Frøs_Herreds_Sparekasse_logo.jpg','','da',1,'0000-00-00 00:00:00','0000-00-00 00:00:00'),(557,2,74,1,'Forbrugslån','Forbrugslån',0,'dk/products/personal-loans/Frøslev-Mollerup_Sparekasse_logo.jpg','','da',1,'0000-00-00 00:00:00','0000-00-00 00:00:00'),(558,2,75,1,'(tidl. Svendborg Spks.) Privatlån ','(tidl. Svendborg Spks.) Privatlån ',0,'dk/products/personal-loans/Fynske_Bank_logo.jpg','','da',1,'0000-00-00 00:00:00','0000-00-00 00:00:00'),(559,2,75,1,' (tidl. Svendborg Spks.) S-konto ',' (tidl. Svendborg Spks.) S-konto ',0,'dk/products/personal-loans/Fynske_Bank_logo.jpg','','da',1,'0000-00-00 00:00:00','0000-00-00 00:00:00'),(560,2,76,1,'Lavt forrentet omsætningslån/Andelskronelån','Lavt forrentet omsætningslån/Andelskronelån',0,'dk/products/personal-loans/Fælleskassen_logo.jpg','','da',1,'0000-00-00 00:00:00','0000-00-00 00:00:00'),(561,2,76,1,'Mixlån (u/sikkherhed) ','Mixlån (u/sikkherhed) ',0,'dk/products/personal-loans/Fælleskassen_logo.jpg','','da',1,'0000-00-00 00:00:00','0000-00-00 00:00:00'),(562,2,23,1,'Privatlån','Privatlån',0,'dk/products/personal-loans/GE_Money_Bank_logo.jpg','https://ansoeg.gemoneybank.dk/plaan/Step1.aspx','da',1,'0000-00-00 00:00:00','0000-00-00 00:00:00'),(563,2,23,1,'Privatlån Plus','Privatlån Plus',0,'dk/products/personal-loans/GE_Money_Bank_logo.jpg','https://ansoeg.gemoneybank.dk/plaanplus/Step1.aspx','da',1,'0000-00-00 00:00:00','0000-00-00 00:00:00'),(564,2,24,1,'Privatlån','Privatlån',0,'dk/products/personal-loans/GrønlandsBANKEN_logo.jpg','http://www.banken.gl/da/privat/laan/privatlaan.aspx','da',1,'0000-00-00 00:00:00','0000-00-00 00:00:00'),(565,2,77,1,'Forbrugslån','Forbrugslån',0,'dk/products/personal-loans/Hals_Sparekasse_logo.jpg','','da',1,'0000-00-00 00:00:00','0000-00-00 00:00:00'),(566,2,25,1,'Privatudlån','Privatudlån',0,'dk/products/personal-loans/Handelsbanken_logo.jpg','https://www.handelsbanken.dk','da',1,'0000-00-00 00:00:00','0000-00-00 00:00:00'),(567,2,26,1,'Forbrugslån - variabel rent','Forbrugslån - variabel rent',0,'dk/products/personal-loans/Hvidbjerg_Bank_logo.jpg','','da',1,'0000-00-00 00:00:00','0000-00-00 00:00:00'),(568,2,27,1,'Familielån via internet ','Familielån via internet ',0,'dk/products/personal-loans/IKANO_Bank_logo.jpg','https://application.ikanobank.nu/plus-sportal-dk/internetApplication/editApplication/editApplication.jsf?screen=RCALC&conversationId=75878','da',1,'0000-00-00 00:00:00','0000-00-00 00:00:00'),(569,2,27,1,' Sololån via internet',' Sololån via internet',0,'dk/products/personal-loans/IKANO_Bank_logo.jpg','https://application.ikanobank.nu/plus-sportal-dk/internetApplication/editApplication/editApplication.jsf;jsessionid=0870AF7F82C33C3C23D392CC4B07FFB9.DK_TWO?screen=RCALC&conversationId=75860','da',1,'0000-00-00 00:00:00','0000-00-00 00:00:00'),(570,2,78,1,'Himmerland Xtra Lån','Himmerland Xtra Lån',0,'dk/products/personal-loans/Jutlander_Bank_tidl_Spks_Himmerland_logo.jpg','','da',1,'0000-00-00 00:00:00','0000-00-00 00:00:00'),(571,2,78,1,'Privatlån','Privatlån',0,'dk/products/personal-loans/Jutlander_Bank_tidl_Spks_Himmerland_logo.jpg','','da',1,'0000-00-00 00:00:00','0000-00-00 00:00:00'),(572,2,79,1,'(tidl. Spks. Hobro) Privatlån','(tidl. Spks. Hobro) Privatlån',0,'dk/products/personal-loans/Jutlander_Bank_tidl_Spks_Himmerland_logo.jpg','','da',1,'0000-00-00 00:00:00','0000-00-00 00:00:00'),(573,2,28,1,'Privatlån','Privatlån',0,'dk/products/personal-loans/Jyske_Bank_logo.jpg','','da',1,'0000-00-00 00:00:00','0000-00-00 00:00:00'),(574,2,80,1,'Forbrugslån','Forbrugslån',0,'dk/products/personal-loans/Klim_Sparekasse_logo.jpg','','da',1,'0000-00-00 00:00:00','0000-00-00 00:00:00'),(575,2,29,1,'Forbrugslån','Forbrugslån',0,'dk/products/personal-loans/Kreditbanken_logo.jpg','','da',1,'0000-00-00 00:00:00','0000-00-00 00:00:00'),(576,2,81,1,'Forbrugslån (1 andelsbevis)','Forbrugslån (1 andelsbevis)',0,'dk/products/personal-loans/København_Andelskasse_logo.png','','da',1,'0000-00-00 00:00:00','0000-00-00 00:00:00'),(577,2,82,1,'Forbrugslån','Forbrugslån',0,'dk/products/personal-loans/Langå_Sparekasse_logo.jpg','','da',1,'0000-00-00 00:00:00','0000-00-00 00:00:00'),(578,2,31,1,'Forbrugslån','Forbrugslån',0,'dk/products/personal-loans/Lollands_Bank_logo.jpg','','da',1,'0000-00-00 00:00:00','0000-00-00 00:00:00'),(579,2,83,1,'Kontantlån','Kontantlån',0,'dk/products/personal-loans/LEASY_logo.jpg','https://www.leasy.dk/kontantlaan.aspx','da',1,'0000-00-00 00:00:00','0000-00-00 00:00:00'),(580,2,83,1,' LavrenteLån ',' LavrenteLån ',0,'dk/products/personal-loans/LEASY_logo.jpg','https://www.leasy.dk/lavrentelaan.aspx','da',1,'0000-00-00 00:00:00','0000-00-00 00:00:00'),(581,2,32,1,'Privatlån','Privatlån',0,'dk/products/personal-loans/Lån _ Spar_logo.jpg','https://www.lsb.dk/lsb/content/soeg_beregn/beregn_laan/Artikel','da',1,'0000-00-00 00:00:00','0000-00-00 00:00:00'),(582,2,84,1,'Lån','Lån',0,'dk/products/personal-loans/LånLet_logo.jpg','http://www.laanlet.dk','da',1,'0000-00-00 00:00:00','0000-00-00 00:00:00'),(583,2,34,1,'Personligt lån','Personligt lån',0,'dk/products/personal-loans/Merkur_logo.jpg','','da',1,'0000-00-00 00:00:00','0000-00-00 00:00:00'),(584,2,35,1,'Forbrugslån','Forbrugslån',0,'dk/products/personal-loans/Middelfart_Sparekasse_logo.jpg','','da',1,'0000-00-00 00:00:00','0000-00-00 00:00:00'),(585,2,36,1,'Privatlån','Privatlån',0,'dk/products/personal-loans/Møns_Bank_logo.jpg','','da',1,'0000-00-00 00:00:00','0000-00-00 00:00:00'),(586,2,37,1,'Forbrugslån (Basiskunde)','Forbrugslån (Basiskunde)',0,'dk/products/personal-loans/Nordea_logo.jpg','http://www.nordea.dk/Privat/Lån/Lån%2bog%2bkreditter/Forbrugslån/833282.html','da',1,'0000-00-00 00:00:00','0000-00-00 00:00:00'),(587,2,37,1,'Forbrugslån (Fordel+)','Forbrugslån (Fordel+)',0,'dk/products/personal-loans/Nordea_logo.jpg','http://www.nordea.dk/Privat/Lån/Lån%2bog%2bkreditter/Forbrugslån/833282.html','da',1,'0000-00-00 00:00:00','0000-00-00 00:00:00'),(588,2,37,1,'Forbrugslån (Fordelskunde)','Forbrugslån (Fordelskunde)',0,'dk/products/personal-loans/Nordea_logo.jpg','http://www.nordea.dk/Privat/Lån/Lån%2bog%2bkreditter/Forbrugslån/833282.html','da',1,'0000-00-00 00:00:00','0000-00-00 00:00:00'),(589,2,38,1,'Forbrugslån','Forbrugslån',0,'dk/products/personal-loans/Nordfyns_Bank_logo.jpg','','da',1,'0000-00-00 00:00:00','0000-00-00 00:00:00'),(590,2,39,1,'Forbrugslån','Forbrugslån',0,'dk/products/personal-loans/Nordjyske_Bank_logo.jpg','','da',1,'0000-00-00 00:00:00','0000-00-00 00:00:00'),(591,2,40,1,'Alm udlån (Premiumkunde, fuld sikkerhed)','Alm udlån (Premiumkunde, fuld sikkerhed)',0,'dk/products/personal-loans/Nykredit_logo.jpg','','da',1,'0000-00-00 00:00:00','0000-00-00 00:00:00'),(592,2,40,1,'Alm. udlån','Alm. udlån',0,'dk/products/personal-loans/Nykredit_logo.jpg','','da',1,'0000-00-00 00:00:00','0000-00-00 00:00:00'),(593,2,40,1,' Alm. udlån (fuld sikkerhed) ',' Alm. udlån (fuld sikkerhed) ',0,'dk/products/personal-loans/Nykredit_logo.jpg','','da',1,'0000-00-00 00:00:00','0000-00-00 00:00:00'),(594,2,40,1,'Alm. udlån (kræver lønkonto) ','Alm. udlån (kræver lønkonto) ',0,'dk/products/personal-loans/Nykredit_logo.jpg','','da',1,'0000-00-00 00:00:00','0000-00-00 00:00:00'),(595,2,40,1,'Alm. udlån (Pluskunde)','Alm. udlån (Pluskunde)',0,'dk/products/personal-loans/Nykredit_logo.jpg','','da',1,'0000-00-00 00:00:00','0000-00-00 00:00:00'),(596,2,40,1,'Alm. udlån (Pluskunde, fuld sikkerhed)','Alm. udlån (Pluskunde, fuld sikkerhed)',0,'dk/products/personal-loans/Nykredit_logo.jpg','','da',1,'0000-00-00 00:00:00','0000-00-00 00:00:00'),(597,2,40,1,'Alm. udlån (Premiumkunde)','Alm. udlån (Premiumkunde)',0,'dk/products/personal-loans/Nykredit_logo.jpg','','da',1,'0000-00-00 00:00:00','0000-00-00 00:00:00'),(598,2,41,1,'Forbrugslån - variabel rente','Forbrugslån - variabel rente',0,'dk/products/personal-loans/Nørresundby_Bank_logo.jpg','','da',1,'0000-00-00 00:00:00','0000-00-00 00:00:00'),(599,2,85,1,'Lån (via internettet) ','Lån (via internettet) ',0,'dk/products/personal-loans/Pengeautomaten_logo.jpg','https://application.ikanobank.nu/plus-sportal-dk/internetApplication/editApplication/editApplication.jsf;jsessionid=6BA7205171F6F993A120CA90F4B63435.DK_ONE?screen=RCALC&conversationId=127918','da',1,'0000-00-00 00:00:00','0000-00-00 00:00:00'),(600,2,86,1,'Forbrugslån','Forbrugslån',0,'dk/products/personal-loans/Pensam_logo.jpg','','da',1,'0000-00-00 00:00:00','0000-00-00 00:00:00'),(601,2,86,1,'Fordelslån','Fordelslån',0,'dk/products/personal-loans/Pensam_logo.jpg','','da',1,'0000-00-00 00:00:00','0000-00-00 00:00:00'),(602,2,42,1,'Forbrugslån','Forbrugslån',0,'dk/products/personal-loans/Ringkjøbing_Landbobank_logo.jpg','https://alm.landbobanken.dk/page3766.aspx','da',1,'0000-00-00 00:00:00','0000-00-00 00:00:00'),(603,2,87,1,'Forbrugslån','Forbrugslån',0,'dk/products/personal-loans/Rise_Sparekasse_logo.jpg','','da',1,'0000-00-00 00:00:00','0000-00-00 00:00:00'),(604,2,88,1,'Forbrugslån ','Forbrugslån ',0,'dk/products/personal-loans/Rønde_Sparekasse_logo.jpg','','da',1,'0000-00-00 00:00:00','0000-00-00 00:00:00'),(605,2,45,1,'Forbrugslån','Forbrugslån',0,'dk/products/personal-loans/Salling_Bank_logo.jpg','','da',1,'0000-00-00 00:00:00','0000-00-00 00:00:00'),(606,2,89,1,'Privatlån','Privatlån',0,'dk/products/personal-loans/Santander_Consumer_Bank_logo.jpg','https://www.santanderconsumer.dk/Privatlaan/Pages/Application.aspx?LoanAmount=100000&LoanMaturity=72','da',1,'0000-00-00 00:00:00','0000-00-00 00:00:00'),(607,2,90,1,' Forbrugslån ',' Forbrugslån ',0,'dk/products/personal-loans/SAXO_Bank_logo.jpg','','da',1,'0000-00-00 00:00:00','0000-00-00 00:00:00'),(608,2,91,1,'Lån','Lån',0,'dk/products/personal-loans/Selene_Finans_logo.jpg','https://www.selenefinans.dk/ansog-om-lan','da',1,'0000-00-00 00:00:00','0000-00-00 00:00:00'),(609,2,48,1,' Privatlån ',' Privatlån ',0,'dk/products/personal-loans/Skjern_Bank_logo.jpg','','da',1,'0000-00-00 00:00:00','0000-00-00 00:00:00'),(610,2,92,1,'Spar Nord Lån','Spar Nord Lån',0,'dk/products/personal-loans/Spar_Nord_logo.jpg','','da',1,'0000-00-00 00:00:00','0000-00-00 00:00:00'),(611,2,92,1,'Stjernelån (Stjernekunder min. 28 år)','Stjernelån (Stjernekunder min. 28 år)',0,'dk/products/personal-loans/Spar_Nord_logo.jpg','','da',1,'0000-00-00 00:00:00','0000-00-00 00:00:00'),(612,2,93,1,' Forbrugslån',' Forbrugslån',0,'dk/products/personal-loans/Sparekassen_Balling_logo.jpg','','da',1,'0000-00-00 00:00:00','0000-00-00 00:00:00'),(613,2,94,1,'Forbrugslån','Forbrugslån',0,'dk/products/personal-loans/Sparekassen_Bedebro_logo.jpg','','da',1,'0000-00-00 00:00:00','0000-00-00 00:00:00'),(614,2,95,1,'Privatlån','Privatlån',0,'dk/products/personal-loans/Sparekassen_Djursland_logo.jpg','','da',1,'0000-00-00 00:00:00','0000-00-00 00:00:00'),(615,2,50,1,' Privatlån',' Privatlån',0,'dk/products/personal-loans/Sparekaasen_Faaborg_logo.jpg','','da',1,'0000-00-00 00:00:00','0000-00-00 00:00:00'),(616,2,96,1,' Forbrugslån ',' Forbrugslån ',0,'dk/products/personal-loans/Sparekassen_for_Nr_Nebel_og_Omegn.jpg','','da',1,'0000-00-00 00:00:00','0000-00-00 00:00:00'),(617,2,53,1,'Forbrugslån','Forbrugslån',0,'dk/products/personal-loans/Sparekassen_Kronjylland_logo.jpg','','da',1,'0000-00-00 00:00:00','0000-00-00 00:00:00'),(618,2,54,1,'Øvrige Lån','Øvrige Lån',0,'dk/products/personal-loans/Sparekassen_Sjælland_loge.jpg','','da',1,'0000-00-00 00:00:00','0000-00-00 00:00:00'),(619,2,97,1,'Forbrugslån','Forbrugslån',0,'dk/products/personal-loans/Sparekassen_Thy_logo.jpg','','da',1,'0000-00-00 00:00:00','0000-00-00 00:00:00'),(620,2,98,1,'Forbrugslån','Forbrugslån',0,'dk/products/personal-loans/Sparekassen_Vendsyssel_logo.jpg','','da',1,'0000-00-00 00:00:00','0000-00-00 00:00:00'),(621,2,99,1,'Forbrugslån','Forbrugslån',0,'dk/products/personal-loans/Sparekassen_Stadil.jpg','','da',1,'0000-00-00 00:00:00','0000-00-00 00:00:00'),(622,2,100,1,'Forbrugslån','Forbrugslån',0,'dk/products/personal-loans/Swedbank_logo.jpg','','da',1,'0000-00-00 00:00:00','0000-00-00 00:00:00'),(623,2,58,1,'Forbrugslån','Forbrugslån',0,'dk/products/personal-loans/Sydbank_logo.jpg','','da',1,'0000-00-00 00:00:00','0000-00-00 00:00:00'),(624,2,101,1,'Privat Lån','Privat Lån',0,'dk/products/personal-loans/Sydbank_logo.jpg','','da',1,'0000-00-00 00:00:00','0000-00-00 00:00:00'),(625,2,102,1,' Privatlån',' Privatlån',0,'dk/products/personal-loans/Søby-Skader-Halling_Sparekasse_logo.jpg','','da',1,'0000-00-00 00:00:00','0000-00-00 00:00:00'),(626,2,103,1,'Forbrugslån ','Forbrugslån ',0,'dk/products/personal-loans/Sønderhå-Hørsted_Sparekasse_logo.jpeg','','da',1,'0000-00-00 00:00:00','0000-00-00 00:00:00'),(627,2,59,1,' Forbrugslån',' Forbrugslån',0,'dk/products/personal-loans/Totalbanken_logo.jpg','','da',1,'0000-00-00 00:00:00','0000-00-00 00:00:00'),(628,2,104,1,'Forbrugslån','Forbrugslån',0,'dk/products/personal-loans/Vestfyns_Bank_logo.jpg','','da',1,'0000-00-00 00:00:00','0000-00-00 00:00:00'),(629,2,105,1,'Forbrugslån','Forbrugslån',0,'dk/products/personal-loans/VestjyskBANK_logo.jpg','','da',1,'0000-00-00 00:00:00','0000-00-00 00:00:00'),(630,2,106,1,'Forbrugslån','Forbrugslån',0,'dk/products/personal-loans/Vistoft_Sparekasse_logo.jpg','','da',1,'0000-00-00 00:00:00','0000-00-00 00:00:00'),(631,2,107,1,'Privatlån','Privatlån',0,'dk/products/personal-loans/Vorbasse_Hejnsvig_Sparekasse_logo.jpg','','da',1,'0000-00-00 00:00:00','0000-00-00 00:00:00'),(632,2,108,1,'Forbrugslån','Forbrugslån',0,'dk/products/personal-loans/Vordingborg_Bank_logo.jpg','','da',1,'0000-00-00 00:00:00','0000-00-00 00:00:00'),(633,2,109,1,'Forbrugslån','Forbrugslån',0,'dk/products/personal-loans/Østjydsk_Bank_logo.jpg','','da',1,'0000-00-00 00:00:00','0000-00-00 00:00:00'),(818,7,110,1,'1 GB','1 GB',1,'dk/products/broadband/3.png','','da',1,'0000-00-00 00:00:00','0000-00-00 00:00:00'),(819,7,110,1,'5 GB','5 GB',1,'dk/products/broadband/3.png','','da',1,'0000-00-00 00:00:00','0000-00-00 00:00:00'),(820,7,110,1,'10 GB','10 GB',1,'dk/products/broadband/3.png','','da',1,'0000-00-00 00:00:00','0000-00-00 00:00:00'),(821,7,110,1,'50 GB','50 GB',1,'dk/products/broadband/3.png','','da',1,'0000-00-00 00:00:00','0000-00-00 00:00:00'),(822,7,110,1,'200 GB','200 GB',1,'dk/products/broadband/3.png','','da',1,'0000-00-00 00:00:00','0000-00-00 00:00:00'),(823,7,111,1,'Mobilt bredbånd 1 GB m. USB moden','Mobilt bredbånd 1 GB m. USB moden',1,'dk/products/broadband/bibob.png','https://www.bibob.dk/mobilbredbaand-1-gb-4g','da',1,'0000-00-00 00:00:00','0000-00-00 00:00:00'),(824,7,111,1,'Mobilt bredbånd 2 GB m. USB moden','Mobilt bredbånd 2 GB m. USB moden',1,'dk/products/broadband/bibob.png','https://www.bibob.dk/mobilbredbaand-2-gb-4g','da',1,'0000-00-00 00:00:00','0000-00-00 00:00:00'),(825,7,111,1,'Mobilt bredbånd 5 GB m. USB moden','Mobilt bredbånd 5 GB m. USB moden',1,'dk/products/broadband/bibob.png','https://www.bibob.dk/mobilbredbaand-5-gb-4g','da',1,'0000-00-00 00:00:00','0000-00-00 00:00:00'),(826,7,111,1,'Mobilt bredbånd 40 GB m. USB moden','Mobilt bredbånd 40 GB m. USB moden',1,'dk/products/broadband/bibob.png','https://www.bibob.dk/mobilbredbaand-40-gb-4g','da',1,'0000-00-00 00:00:00','0000-00-00 00:00:00'),(827,7,111,1,'Mobilt bredbånd 2 GB i 6 måneder m. USB moden','Mobilt bredbånd 2 GB i 6 måneder m. USB moden',1,'dk/products/broadband/bibob.png','https://www.bibob.dk/mobilbredbaand-6x2-gb-4g','da',1,'0000-00-00 00:00:00','0000-00-00 00:00:00'),(828,7,111,1,'Mobilt bredbånd 5 GB  i 6 måneder m. USB moden','Mobilt bredbånd 5 GB  i 6 måneder m. USB moden',1,'dk/products/broadband/bibob.png','https://www.bibob.dk/mobilbredbaand-5-gb-4g','da',1,'0000-00-00 00:00:00','0000-00-00 00:00:00'),(829,7,111,1,'Mobilt bredbånd 40 GB  i 6 måneder m. USB moden','Mobilt bredbånd 40 GB  i 6 måneder m. USB moden',1,'dk/products/broadband/bibob.png','https://www.bibob.dk/mobilbredbaand-40-gb-4g','da',1,'0000-00-00 00:00:00','0000-00-00 00:00:00'),(830,7,112,1,'4/1 Mbit','4/1 Mbit',1,'dk/products/broadband/Bolig-net.png','https://www.bolignet.dk/privat/bredbaand/priser?order=Y2lqclpsYTg0','da',1,'0000-00-00 00:00:00','0000-00-00 00:00:00'),(831,7,112,1,'12/1 Mbit','12/1 Mbit',1,'dk/products/broadband/Bolig-net.png','https://www.bolignet.dk/privat/bredbaand/priser?order=Y2lqclpsYTg0','da',1,'0000-00-00 00:00:00','0000-00-00 00:00:00'),(832,7,112,1,'20/2 Mbit','20/2 Mbit',1,'dk/products/broadband/Bolig-net.png','https://www.bolignet.dk/privat/bredbaand/priser?order=Y2lqclpsYTg0','da',1,'0000-00-00 00:00:00','0000-00-00 00:00:00'),(833,7,112,1,'30/3 Mbit','30/3 Mbit',1,'dk/products/broadband/Bolig-net.png','https://www.bolignet.dk/privat/bredbaand/priser?order=Y2lqclpsYTg0','da',1,'0000-00-00 00:00:00','0000-00-00 00:00:00'),(834,7,113,1,'3G Small 500 MB','3G Small 500 MB',1,'dk/products/broadband/Call-Me.png','http://www.callme.dk/mobilt-bredbaand-sort/1/mobil-3g-mobilt-bredbaand-500-mb','da',1,'0000-00-00 00:00:00','0000-00-00 00:00:00'),(835,7,113,1,' 3G Medium 2 GB',' 3G Medium 2 GB',1,'dk/products/broadband/Call-Me.png','http://www.callme.dk/mobilt-bredbaand-sort/1','da',1,'0000-00-00 00:00:00','0000-00-00 00:00:00'),(836,7,113,1,'3G Large 10 GB','3G Large 10 GB',1,'dk/products/broadband/Call-Me.png','http://www.callme.dk/mobilt-bredbaand-sort/1/mobil-mobil-3g-mobilt-bredbaand-10-gb','da',1,'0000-00-00 00:00:00','0000-00-00 00:00:00'),(837,7,113,1,'3G X-Large 100 GB','3G X-Large 100 GB',1,'dk/products/broadband/Call-Me.png','http://www.callme.dk/mobilt-bredbaand-sort/1/mobil-mobil-3g-mobilt-bredbaand-100-gb','da',1,'0000-00-00 00:00:00','0000-00-00 00:00:00'),(838,7,113,1,'4G Small 500 MB','4G Small 500 MB',1,'dk/products/broadband/Call-Me.png','http://www.callme.dk/4g-mobilt-bredbaand-usb-modem/1/mobil-mobil-4g-mobilt-bredbaand-500-mb','da',1,'0000-00-00 00:00:00','0000-00-00 00:00:00'),(839,7,113,1,'4G Medium 2 GB','4G Medium 2 GB',1,'dk/products/broadband/Call-Me.png','http://www.callme.dk/4g-mobilt-bredbaand-usb-modem/1/mobil-mobil-mobil-4g-mobilt-bredbaand-2-gb','da',1,'0000-00-00 00:00:00','0000-00-00 00:00:00'),(840,7,113,1,'4G Large 10 GB','4G Large 10 GB',1,'dk/products/broadband/Call-Me.png','http://www.callme.dk/4g-mobilt-bredbaand-usb-modem/1/mobil-mobil-mobil-4g-mobilt-bredbaand-10-gb','da',1,'0000-00-00 00:00:00','0000-00-00 00:00:00'),(841,7,113,1,'4G X-Large 100 GB','4G X-Large 100 GB',1,'dk/products/broadband/Call-Me.png','http://www.callme.dk/mobilt-bredbaand/se-alle-pakker/x-large-100-gb','da',1,'0000-00-00 00:00:00','0000-00-00 00:00:00'),(842,7,114,1,'Small - 2 GB','Small - 2 GB',1,'dk/products/broadband/CBB_Mobil.png','https://www.cbb.dk/mobil-bredbaand/small-mdr','da',1,'0000-00-00 00:00:00','0000-00-00 00:00:00'),(843,7,114,1,'Large - 15 GB','Large - 15 GB',1,'dk/products/broadband/CBB_Mobil.png','https://www.cbb.dk/mobilbredbaand/large-mdr/','da',1,'0000-00-00 00:00:00','0000-00-00 00:00:00'),(844,7,115,1,'','',0,'dk/products/broadband/0','','da',1,'0000-00-00 00:00:00','0000-00-00 00:00:00'),(845,7,116,1,'30/5 Mbit','30/5 Mbit',1,'dk/products/broadband/Danske-Net.png','https://www.dansknet.dk/bestilling?p=4','da',1,'0000-00-00 00:00:00','0000-00-00 00:00:00'),(846,7,116,1,'40/5 Mbit','40/5 Mbit',1,'dk/products/broadband/Danske-Net.png','https://www.dansknet.dk/bestilling?p=4','da',1,'0000-00-00 00:00:00','0000-00-00 00:00:00'),(847,7,116,1,'50/5 Mbit','50/5 Mbit',1,'dk/products/broadband/Danske-Net.png','https://www.dansknet.dk/bestilling?p=6','da',1,'0000-00-00 00:00:00','0000-00-00 00:00:00'),(848,7,117,1,'','',0,'dk/products/broadband/0','','da',1,'0000-00-00 00:00:00','0000-00-00 00:00:00'),(849,7,118,1,'10/1 Mbit','10/1 Mbit',1,'dk/products/broadband/Fullrate.png','http://www.fullrate.dk/privat/bredbaand/op-til-10-1-mbit','da',1,'0000-00-00 00:00:00','0000-00-00 00:00:00'),(850,7,118,1,'20/2 Mbit','20/2 Mbit',1,'dk/products/broadband/Fullrate.png','http://www.fullrate.dk/privat/bredbaand/op-til-20-2-mbit','da',1,'0000-00-00 00:00:00','0000-00-00 00:00:00'),(851,7,118,1,'35/5 Mbit','35/5 Mbit',1,'dk/products/broadband/Fullrate.png','http://www.fullrate.dk/privat/bredbaand/op-til-35-5-mbit','da',1,'0000-00-00 00:00:00','0000-00-00 00:00:00'),(852,7,118,1,'50/5 Mbit','50/5 Mbit',1,'dk/products/broadband/Fullrate.png','http://www.fullrate.dk/privat/bredbaand/op-til-50-5-mbit','da',1,'0000-00-00 00:00:00','0000-00-00 00:00:00'),(853,7,118,1,'Basis - Forbrugsafregnet','Basis - Forbrugsafregnet',1,'dk/products/broadband/Fullrate.png','http://www.fullrate.dk/privat/mobilt-bredbaand/mobilt-bredbaand-forbrugsafregnet','da',1,'0000-00-00 00:00:00','0000-00-00 00:00:00'),(854,7,118,1,'1 GB','1 GB',1,'dk/products/broadband/Fullrate.png','http://www.fullrate.dk/privat/mobilt-bredbaand/mobilt-bredbaand-1-gb-data','da',1,'0000-00-00 00:00:00','0000-00-00 00:00:00'),(855,7,118,1,'5 GB','5 GB',1,'dk/products/broadband/Fullrate.png','http://www.fullrate.dk/privat/mobilt-bredbaand/mobilt-bredbaand-5-gb-data','da',1,'0000-00-00 00:00:00','0000-00-00 00:00:00'),(856,7,118,1,'15 GB','15 GB',1,'dk/products/broadband/Fullrate.png','http://www.fullrate.dk/privat/mobilt-bredbaand/mobilt-bredbaand-15-gb-data','da',1,'0000-00-00 00:00:00','0000-00-00 00:00:00'),(857,7,119,1,'','',0,'dk/products/broadband/0','','da',1,'0000-00-00 00:00:00','0000-00-00 00:00:00'),(858,7,120,1,'Small - 2 GB','Small - 2 GB',1,'dk/products/broadband/Oister.png','http://www.oister.dk/mobilt-bredband/small/','da',1,'0000-00-00 00:00:00','0000-00-00 00:00:00'),(859,7,120,1,'Medium - 10 GB','Medium - 10 GB',1,'dk/products/broadband/Oister.png','http://www.oister.dk/mobilt-bredband/medium/','da',1,'0000-00-00 00:00:00','0000-00-00 00:00:00'),(860,7,120,1,'Large - 20 GB','Large - 20 GB',1,'dk/products/broadband/Oister.png','http://www.oister.dk/mobilt-bredband/large/','da',1,'0000-00-00 00:00:00','0000-00-00 00:00:00'),(861,7,121,1,'Mobilt Bredbånd Small','Mobilt Bredbånd Small',1,'dk/products/broadband/OK.png','https://www.ok-mobil.dk/mobilt-bredbaand-small','da',1,'0000-00-00 00:00:00','0000-00-00 00:00:00'),(862,7,121,1,'Mobilt Bredbånd Large','Mobilt Bredbånd Large',1,'dk/products/broadband/OK.png','https://www.ok-mobil.dk/mobilt-bredbaand-large','da',1,'0000-00-00 00:00:00','0000-00-00 00:00:00'),(863,7,122,1,'','',0,'dk/products/broadband/0','','da',1,'0000-00-00 00:00:00','0000-00-00 00:00:00'),(864,7,123,1,'','',0,'dk/products/broadband/0','','da',1,'0000-00-00 00:00:00','0000-00-00 00:00:00'),(865,7,124,1,'20/3 Mbit','20/3 Mbit',1,'dk/products/broadband/Stofa.png','https://stofa.dk/bredbaand/hastigheder-og-priser','da',1,'0000-00-00 00:00:00','0000-00-00 00:00:00'),(866,7,124,1,'40/5 Mbit','40/5 Mbit',0,'dk/products/broadband/Stofa.png','https://stofa.dk/bredbaand/hastigheder-og-priser','da',1,'0000-00-00 00:00:00','0000-00-00 00:00:00'),(867,7,124,1,'60/10 Mbit','60/10 Mbit',1,'dk/products/broadband/Stofa.png','https://stofa.dk/bredbaand/hastigheder-og-priser','da',1,'0000-00-00 00:00:00','0000-00-00 00:00:00'),(868,7,124,1,'150/15 Mbit','150/15 Mbit',1,'dk/products/broadband/Stofa.png','https://stofa.dk/bredbaand/hastigheder-og-priser','da',1,'0000-00-00 00:00:00','0000-00-00 00:00:00'),(869,7,125,1,'20/2 Mbit','20/2 Mbit',1,'dk/products/broadband/TDC.png','http://privat.tdc.dk/internet/','da',1,'0000-00-00 00:00:00','0000-00-00 00:00:00'),(870,7,125,1,'30/5 Mbit','30/5 Mbit',1,'dk/products/broadband/TDC.png','http://privat.tdc.dk/internet/','da',1,'0000-00-00 00:00:00','0000-00-00 00:00:00'),(871,7,125,1,'40/10 Mbit','40/10 Mbit',1,'dk/products/broadband/TDC.png','http://privat.tdc.dk/internet/','da',1,'0000-00-00 00:00:00','0000-00-00 00:00:00'),(872,7,125,1,'Mobilt Bredbånd 500 MB','Mobilt Bredbånd 500 MB',1,'dk/products/broadband/TDC.png','http://shop.tdc.dk/TDC-Mobilt-Bredbånd-500-MB/344376,default,pd.html','da',1,'0000-00-00 00:00:00','0000-00-00 00:00:00'),(873,7,125,1,'Mobilt Bredbånd 1 GB','Mobilt Bredbånd 1 GB',1,'dk/products/broadband/TDC.png','http://shop.tdc.dk/TDC-Mobilt-Bredbånd-1-GB/344377,default,pd.html','da',1,'0000-00-00 00:00:00','0000-00-00 00:00:00'),(874,7,125,1,'Mobilt Bredbånd 3 GB','Mobilt Bredbånd 3 GB',1,'dk/products/broadband/TDC.png','http://shop.tdc.dk/TDC-Mobilt-Bredbånd-3-GB/344143,default,pd.html','da',1,'0000-00-00 00:00:00','0000-00-00 00:00:00'),(875,7,125,1,'Mobilt Bredbånd 10 GB','Mobilt Bredbånd 10 GB',1,'dk/products/broadband/TDC.png','http://shop.tdc.dk/TDC-Mobilt-Bredbånd-10-GB/344144,default,pd.html','da',1,'0000-00-00 00:00:00','0000-00-00 00:00:00'),(876,7,126,1,'Bredbånd S 10/1 Mbit','Bredbånd S 10/1 Mbit',1,'dk/products/broadband/Telenor.png','http://www.telenor.dk/privat/bredbaand/?icid=megadropdown_bredbaand_bredbaand_forside','da',1,'0000-00-00 00:00:00','0000-00-00 00:00:00'),(877,7,126,1,'Bredbånd M 20/2 Mbit','Bredbånd M 20/2 Mbit',1,'dk/products/broadband/Telenor.png','http://www.telenor.dk/privat/bredbaand/?icid=megadropdown_bredbaand_bredbaand_forside','da',1,'0000-00-00 00:00:00','0000-00-00 00:00:00'),(878,7,126,1,'Bredbånd L 30/5 Mbit','Bredbånd L 30/5 Mbit',1,'dk/products/broadband/Telenor.png','http://www.telenor.dk/privat/bredbaand/?icid=megadropdown_bredbaand_bredbaand_forside','da',1,'0000-00-00 00:00:00','0000-00-00 00:00:00'),(879,7,126,1,'Bredbånd XL 50/10 Mbit','Bredbånd XL 50/10 Mbit',1,'dk/products/broadband/Telenor.png','http://www.telenor.dk/privat/bredbaand/?icid=megadropdown_bredbaand_bredbaand_forside','da',1,'0000-00-00 00:00:00','0000-00-00 00:00:00'),(880,7,126,1,'Mobilt Bredbånd S','Mobilt Bredbånd S',1,'dk/products/broadband/Telenor.png','http://www.telenor.dk/privat/mobilt_bredbaand/mobilt_bredbaand/abonnementer/GA-S-new.aspx','da',1,'0000-00-00 00:00:00','0000-00-00 00:00:00'),(881,7,126,1,'Mobilt Bredbånd M','Mobilt Bredbånd M',1,'dk/products/broadband/Telenor.png','http://www.telenor.dk/privat/mobilt_bredbaand/mobilt_bredbaand/abonnementer/GA-M.aspx','da',1,'0000-00-00 00:00:00','0000-00-00 00:00:00'),(882,7,126,1,'Mobilt Bredbånd L','Mobilt Bredbånd L',1,'dk/products/broadband/Telenor.png','http://www.telenor.dk/privat/mobilt_bredbaand/mobilt_bredbaand/abonnementer/GA-L.aspx','da',1,'0000-00-00 00:00:00','0000-00-00 00:00:00'),(883,7,126,1,'Mobilt Bredbånd XL','Mobilt Bredbånd XL',1,'dk/products/broadband/Telenor.png','http://www.telenor.dk/privat/mobilt_bredbaand/mobilt_bredbaand/abonnementer/GA-XL.aspx','da',1,'0000-00-00 00:00:00','0000-00-00 00:00:00'),(884,7,127,1,'2/0.5 Mbit','2/0.5 Mbit',1,'dk/products/broadband/Telia.png','http://ww3.telia.dk/bredbaand/','da',1,'0000-00-00 00:00:00','0000-00-00 00:00:00'),(885,7,127,1,'4/0.5 Mbit','4/0.5 Mbit',1,'dk/products/broadband/Telia.png','http://ww3.telia.dk/bredbaand/','da',1,'0000-00-00 00:00:00','0000-00-00 00:00:00'),(886,7,127,1,'10/1 Mbit','10/1 Mbit',1,'dk/products/broadband/Telia.png','http://ww3.telia.dk/bredbaand/','da',1,'0000-00-00 00:00:00','0000-00-00 00:00:00'),(887,7,127,1,'14/1 Mbit','14/1 Mbit',1,'dk/products/broadband/Telia.png','http://ww3.telia.dk/bredbaand/','da',1,'0000-00-00 00:00:00','0000-00-00 00:00:00'),(888,7,127,1,'20/2 Mbit','20/2 Mbit',1,'dk/products/broadband/Telia.png','http://ww3.telia.dk/bredbaand/','da',1,'0000-00-00 00:00:00','0000-00-00 00:00:00'),(889,7,127,1,'30/3 Mbit','30/3 Mbit',1,'dk/products/broadband/Telia.png','http://ww3.telia.dk/bredbaand/','da',1,'0000-00-00 00:00:00','0000-00-00 00:00:00'),(890,7,127,1,'50/5 Mbit','50/5 Mbit',1,'dk/products/broadband/Telia.png','http://ww3.telia.dk/bredbaand/','da',1,'0000-00-00 00:00:00','0000-00-00 00:00:00'),(891,7,127,1,'4LIFE Micro','4LIFE Micro',1,'dk/products/broadband/Telia.png','https://shop.telia.dk/zte-mf823-usb-modem/pbe28b357_ed87_42e9_afa3_348c09fb1f09.html','da',1,'0000-00-00 00:00:00','0000-00-00 00:00:00'),(892,7,127,1,'4LIFE Light','4LIFE Light',1,'dk/products/broadband/Telia.png','https://shop.telia.dk/zte-mf823-usb-modem/pbe28b357_ed87_42e9_afa3_348c09fb1f09.html','da',1,'0000-00-00 00:00:00','0000-00-00 00:00:00'),(893,7,127,1,'4LIFE Full','4LIFE Full',1,'dk/products/broadband/Telia.png','https://shop.telia.dk/zte-mf823-usb-modem/pbe28b357_ed87_42e9_afa3_348c09fb1f09.html','da',1,'0000-00-00 00:00:00','0000-00-00 00:00:00'),(894,7,127,1,'4LIFE Premium','4LIFE Premium',1,'dk/products/broadband/Telia.jpg','https://shop.telia.dk/zte-mf823-usb-modem/pbe28b357_ed87_42e9_afa3_348c09fb1f09.html','da',1,'0000-00-00 00:00:00','0000-00-00 00:00:00'),(895,7,127,1,'4LIFE Premium Plus','4LIFE Premium Plus',1,'dk/products/broadband/Telia.png','https://shop.telia.dk/zte-mf823-usb-modem/pbe28b357_ed87_42e9_afa3_348c09fb1f09.html','da',1,'0000-00-00 00:00:00','0000-00-00 00:00:00'),(896,7,128,1,'Mobilt Bredbånd 1 GB','Mobilt Bredbånd 1 GB',1,'dk/products/broadband/Telmore.png','https://www.telmore.dk/website/tilmeld/FLOW/SUBSCRIBE/MBB1GB?marketofferingid=MBB1GB','da',1,'0000-00-00 00:00:00','0000-00-00 00:00:00'),(897,7,128,1,'Mobilt Bredbånd 4 GB','Mobilt Bredbånd 4 GB',1,'dk/products/broadband/Telmore.png','https://www.telmore.dk/website/tilmeld/FLOW/SUBSCRIBE/MBB1GB?marketofferingid=MBB1GB','da',1,'0000-00-00 00:00:00','0000-00-00 00:00:00'),(898,7,128,1,'Mobilt Bredbånd 8 GB','Mobilt Bredbånd 8 GB',1,'dk/products/broadband/Telmore.png','https://www.telmore.dk/website/tilmeld/FLOW/SUBSCRIBE/MBB1GB?marketofferingid=MBB1GB','da',1,'0000-00-00 00:00:00','0000-00-00 00:00:00'),(899,7,128,1,'Mobilt Bredbånd 40 GB','Mobilt Bredbånd 40 GB',1,'dk/products/broadband/Telmore.png','https://www.telmore.dk/website/tilmeld/FLOW/SUBSCRIBE/MBB1GB?marketofferingid=MBB1GB','da',1,'0000-00-00 00:00:00','0000-00-00 00:00:00'),(900,7,129,1,'Waoo!1 50/50 Mbit','Waoo!1 50/50 Mbit',1,'dk/products/broadband/Waoo.png','http://www.waoo.dk/bestil/waoo-1','da',1,'0000-00-00 00:00:00','0000-00-00 00:00:00'),(901,7,129,1,' Waoo!1 60/60 Mbit',' Waoo!1 60/60 Mbit',1,'dk/products/broadband/Waoo.png','http://www.waoo.dk/bestil/waoo-1','da',1,'0000-00-00 00:00:00','0000-00-00 00:00:00'),(902,7,129,1,' Waoo!1 90/90 Mbit',' Waoo!1 90/90 Mbit',1,'dk/products/broadband/Waoo.png','http://www.waoo.dk/bestil/waoo-1','da',1,'0000-00-00 00:00:00','0000-00-00 00:00:00'),(903,7,129,1,'Waoo!2 50/50 Mbit','Waoo!2 50/50 Mbit',1,'dk/products/broadband/Waoo.png','http://www.waoo.dk/bestil/waoo-2','da',1,'0000-00-00 00:00:00','0000-00-00 00:00:00'),(904,7,129,1,' Waoo!2 60/60 Mbit',' Waoo!2 60/60 Mbit',1,'dk/products/broadband/Waoo.png','http://www.waoo.dk/bestil/waoo-2','da',1,'0000-00-00 00:00:00','0000-00-00 00:00:00'),(905,7,129,1,' Waoo!2 90/90 Mbit',' Waoo!2 90/90 Mbit',1,'dk/products/broadband/Waoo.png','http://www.waoo.dk/bestil/waoo-2','da',1,'0000-00-00 00:00:00','0000-00-00 00:00:00'),(906,7,130,1,'15/3 Mbit','15/3 Mbit',1,'dk/products/broadband/YouSee.png','http://yousee.dk/Bredbaand/Overblik.aspx','da',1,'0000-00-00 00:00:00','0000-00-00 00:00:00'),(907,7,130,1,'30/6 Mbit','30/6 Mbit',1,'dk/products/broadband/YouSee.png','http://yousee.dk/Bredbaand/Overblik.aspx','da',1,'0000-00-00 00:00:00','0000-00-00 00:00:00'),(908,7,130,1,'60/12 Mbit','60/12 Mbit',1,'dk/products/broadband/YouSee.png','http://yousee.dk/Bredbaand/Overblik.aspx','da',1,'0000-00-00 00:00:00','0000-00-00 00:00:00'),(909,7,130,1,'100/20 Mbit','100/20 Mbit',1,'dk/products/broadband/YouSee.png','http://yousee.dk/Bredbaand/Overblik.aspx','da',1,'0000-00-00 00:00:00','0000-00-00 00:00:00'),(1106,3,5,1,'Boliglån','Boliglån',1,'dk/products/home-loans/Alm_Brand_Bank_log.jpg','http://www.almbrand.dk/abdk/Privat/Bank/Produkter/Bolig/Boliglaan/index.htm','da',1,'0000-00-00 00:00:00','0000-00-00 00:00:00'),(1107,3,5,1,'Boliglån (Pluskunde - engagement min. 150.000 Kr.','Boliglån (Pluskunde - engagement min. 150.000 Kr.',1,'dk/products/home-loans/Alm_Brand_Bank_log.jpg','http://www.almbrand.dk/abdk/Privat/Bank/Produkter/Bolig/Boliglaan/index.htm','da',1,'0000-00-00 00:00:00','0000-00-00 00:00:00'),(1108,3,5,1,'Boliglån (Pluskunde - engagement min. 300.000 Kr.','Boliglån (Pluskunde - engagement min. 300.000 Kr.',1,'dk/products/home-loans/Alm_Brand_Bank_log.jpg','http://www.almbrand.dk/abdk/Privat/Bank/Produkter/Bolig/Boliglaan/index.htm','da',1,'0000-00-00 00:00:00','0000-00-00 00:00:00'),(1109,3,6,1,'Boliglån','Boliglån',1,'dk/products/home-loans/Andelskassen_Østervrå_logo.jpg','http://www.jak-oestervraa.dk/info.html','da',1,'0000-00-00 00:00:00','0000-00-00 00:00:00'),(1110,3,3,1,'Boliglån','Boliglån',1,'dk/products/home-loans/Arbejdernes_Landsbank_logo.jpg','https://www.al-bank.dk/default.asp?id=249&toppage=248','da',1,'0000-00-00 00:00:00','0000-00-00 00:00:00'),(1111,3,9,1,'Boliglån','Boliglån',1,'dk/products/home-loans/BankNordik_logo.jpg','http://www.banknordik.dk/Book-m%C3%B8de.aspx?ID=6672','da',1,'0000-00-00 00:00:00','0000-00-00 00:00:00'),(1112,3,9,1,'Boliglån (Nordik360)','Boliglån (Nordik360)',1,'dk/products/home-loans/BankNordik_logo.jpg','http://www.banknordik.dk/Aftal-et-m%C3%B8de-om-Nordik360.aspx?ID=6961','da',1,'0000-00-00 00:00:00','0000-00-00 00:00:00'),(1113,3,9,1,'Boliglån (Nordik360+)','Boliglån (Nordik360+)',1,'dk/products/home-loans/BankNordik_logo.jpg','http://www.banknordik.dk/Aftal-et-m%C3%B8de-om-Nordik360.aspx?ID=6961','da',1,'0000-00-00 00:00:00','0000-00-00 00:00:00'),(1114,3,9,1,'Boliglån (Nordik360Premium)','Boliglån (Nordik360Premium)',1,'dk/products/home-loans/BankNordik_logo.jpg','http://www.banknordik.dk/Aftal-et-m%C3%B8de-om-Nordik360.aspx?ID=6961','da',1,'0000-00-00 00:00:00','0000-00-00 00:00:00'),(1115,3,10,1,'Boliglån','Boliglån',1,'dk/products/home-loans/Basisbank_logo.jpg','http://www.basisbank.dk/kontakt/bliv-kontaktet','da',1,'0000-00-00 00:00:00','0000-00-00 00:00:00'),(1116,3,61,1,'Boliglån','Boliglån',1,'dk/products/home-loans/Borbjerg_Sparekasse_logo.jpg','http://www.borbjergsparekasse.dk/?id=160','da',1,'0000-00-00 00:00:00','0000-00-00 00:00:00'),(1117,3,62,1,'BoligKredit','BoligKredit',1,'dk/products/home-loans/BRFKredit_logo.jpg','http://www.brf.dk/Privat/Produkter/Boliglaan-og-realkredit/Boligkredit/Boligkredit','da',1,'0000-00-00 00:00:00','0000-00-00 00:00:00'),(1118,3,62,1,'Boliglån 95+','Boliglån 95+',1,'dk/products/home-loans/BRFKredit_logo.jpg','http://www.brf.dk/Privat/Raadgivning/Kontakt-mig?RequestId=3344a624-0fbb-4243-8cc0-8b3d3aaff9f2&mode=M&intcmpid=_menu_bookmoede','da',1,'0000-00-00 00:00:00','0000-00-00 00:00:00'),(1119,3,12,1,'Boliglån','Boliglån',1,'dk/products/home-loans/Broager_Sparekasse_logo.jpg','http://www.broagersparekasse.dk/Bliv-kunde.410.aspx','da',1,'0000-00-00 00:00:00','0000-00-00 00:00:00'),(1120,3,12,1,'Topprioritetslån','Topprioritetslån',1,'dk/products/home-loans/Broager_Sparekasse_logo.jpg','http://www.broagersparekasse.dk/Bliv-kunde.410.aspx','',1,'0000-00-00 00:00:00','0000-00-00 00:00:00'),(1121,3,14,1,'Boliglån','Boliglån',1,'dk/products/home-loans/Danske_Bank_logo.jpg','0','',1,'0000-00-00 00:00:00','0000-00-00 00:00:00'),(1122,3,15,1,'Boliglån','Boliglån',1,'dk/products/home-loans/Danske_Bank_logo.jpg','http://www.danskebank.dk/da-dk/Privat/Bolig/At-koebe-en-bolig/Ejerboliglaan/Boliglaan/Pages/boliglaan.aspx','da',1,'0000-00-00 00:00:00','0000-00-00 00:00:00'),(1123,3,15,1,'Danske Boliglån Plus','Danske Boliglån Plus',1,'dk/products/home-loans/Danske_Bank_logo.jpg','https://www.danskebank.dk/da-dk/privat/bolig/at-koebe-en-bolig/ejerboliglaan/pages/danske-boliglaan-plus.aspx?tab=4#tabanchor','da',1,'0000-00-00 00:00:00','0000-00-00 00:00:00'),(1124,3,16,1,'Boliglån','Boliglån',1,'dk/products/home-loans/Den_Jyske_Sparekasse_logo.jpg','http://www.djs.dk/om-os/filialer/','da',1,'0000-00-00 00:00:00','0000-00-00 00:00:00'),(1125,3,131,1,'DiBa Boliglån','DiBa Boliglån',1,'dk/products/home-loans/Diba.jpg','http://www.diba.dk/bolig/?id=422','da',1,'0000-00-00 00:00:00','0000-00-00 00:00:00'),(1126,3,19,1,'Boliglån','Boliglån',1,'dk/products/home-loans/Djurslands_Bank_logo.jpg','http://alm.djurslandsbank.dk/Kontakt-.1252.aspx','da',1,'0000-00-00 00:00:00','0000-00-00 00:00:00'),(1127,3,20,1,'Boliglån','Boliglån',1,'dk/products/home-loans/Dragsholm_Sparekasse.jpg','http://www.dragsholmsparekasse.dk/find%20raadgiver/find%20raadgiver.htm','da',1,'0000-00-00 00:00:00','0000-00-00 00:00:00'),(1128,3,65,1,'Boliglån','Boliglån',1,'dk/products/home-loans/Dronninglund_Sparekasse_logo.jpg','http://www.dronspar.dk/Privat_-_Bolig.asp','da',1,'0000-00-00 00:00:00','0000-00-00 00:00:00'),(1129,3,68,1,'Boliglån','Boliglån',1,'dk/products/home-loans/Faster_Andelskasse_logo.jpg','http://www.faster-andelskasse.dk/L%C3%A5n-59.aspx','da',1,'0000-00-00 00:00:00','0000-00-00 00:00:00'),(1130,3,68,1,'Udlån','Udlån',1,'dk/products/home-loans/Faster_Andelskasse_logo.jpg','http://www.faster-andelskasse.dk/L%C3%A5n-59.aspx','da',1,'0000-00-00 00:00:00','0000-00-00 00:00:00'),(1131,3,69,1,'Boliglån','Boliglån',1,'dk/products/home-loans/FinansNetbanken_logo.jpg','https://www.finansnetbanken.dk/udlaan/boliglaan/beregn-og-ansoeg/','da',1,'0000-00-00 00:00:00','0000-00-00 00:00:00'),(1132,3,70,1,'Boliglån','Boliglån',1,'dk/products/home-loans/Flemløse_Sparekasse_logo.jpg','http://www.sparekassen.dk/Bolig.5.aspx','da',1,'0000-00-00 00:00:00','0000-00-00 00:00:00'),(1133,3,71,1,'Boliglån','Boliglån',1,'dk/products/home-loans/Folkesparekassen_logo.jpg','0','da',1,'0000-00-00 00:00:00','0000-00-00 00:00:00'),(1134,3,72,1,'Boliglån','Boliglån',1,'dk/products/home-loans/Frørup_Andelskasse_logo.jpg','0','da',1,'0000-00-00 00:00:00','0000-00-00 00:00:00'),(1135,3,73,1,'Boliglån','Boliglån',1,'dk/products/home-loans/Frøs_Herreds_Sparekasse_logo.jpg','https://www.froes.dk/kontakt/forside/omraadekort/','da',1,'0000-00-00 00:00:00','0000-00-00 00:00:00'),(1136,3,74,1,'Boligfinansiering','Boligfinansiering',1,'dk/products/home-loans/Frøslev-Mollerup_Sparekasse_logo.jpg','0','da',1,'0000-00-00 00:00:00','0000-00-00 00:00:00'),(1137,3,75,1,'Boliglån','Boliglån',1,'dk/products/home-loans/Fynske_Bank_logo.jpg','0','da',1,'0000-00-00 00:00:00','0000-00-00 00:00:00'),(1138,3,76,1,'Boliglån','Boliglån',1,'dk/products/home-loans/Fælleskassen_logo.jpg','0','da',1,'0000-00-00 00:00:00','0000-00-00 00:00:00'),(1139,3,76,1,'Boliglån','Boliglån',1,'dk/products/home-loans/Fælleskassen_logo.jpg','0','da',1,'0000-00-00 00:00:00','0000-00-00 00:00:00'),(1140,3,76,1,'Boliglån (med sikkerhed - delvis af værdi)','Boliglån (med sikkerhed - delvis af værdi)',1,'dk/products/home-loans/Fælleskassen_logo.jpg','0','da',1,'0000-00-00 00:00:00','0000-00-00 00:00:00'),(1141,3,24,1,'Boliglån','Boliglån',1,'dk/products/home-loans/GrønlandsBANKEN_logo.jpg','0','da',1,'0000-00-00 00:00:00','0000-00-00 00:00:00'),(1142,3,77,1,'Boliglån','Boliglån',1,'dk/products/home-loans/Hals_Sparekasse_logo.jpg','0','da',1,'0000-00-00 00:00:00','0000-00-00 00:00:00'),(1143,3,25,1,'Privatboliglån','Privatboliglån',1,'dk/products/home-loans/Handelsbanken_logo.jpg','0','da',1,'0000-00-00 00:00:00','0000-00-00 00:00:00'),(1144,3,26,1,'Boliglån - variabel rente','Boliglån - variabel rente',1,'dk/products/home-loans/Hvidbjerg_Bank_logo.jpg','0','da',1,'0000-00-00 00:00:00','0000-00-00 00:00:00'),(1145,3,132,1,'Himmerland Boliglån','Himmerland Boliglån',1,'dk/products/home-loans/Jutlander_Bank_tidl_Spks_Himmerland_logo.jpg','0','da',1,'0000-00-00 00:00:00','0000-00-00 00:00:00'),(1146,3,133,1,'Boliglån','Boliglån',1,'dk/products/home-loans/Jutlander_Bank_tidl_Spks_Himmerland_logo.jpg','0','da',1,'0000-00-00 00:00:00','0000-00-00 00:00:00'),(1147,3,28,1,'Boliglån','Boliglån',1,'dk/products/home-loans/Jyske_Bank_logo.jpg','https://www.jyskebank.dk/wps/portal/jfo/produkter/bolig/moede','da',1,'0000-00-00 00:00:00','0000-00-00 00:00:00'),(1148,3,80,1,'Boliglån','Boliglån',1,'dk/products/home-loans/Klim_Sparekasse_logo.jpg','0','da',1,'0000-00-00 00:00:00','0000-00-00 00:00:00'),(1149,3,29,1,'Boliglån','Boliglån',1,'dk/products/home-loans/Kreditbanken_logo.jpg','http://alm.kreditbanken.dk/Medarbejdere.87.aspx','da',1,'0000-00-00 00:00:00','0000-00-00 00:00:00'),(1150,3,82,1,'Boliglån','Boliglån',1,'dk/products/home-loans/Langå_Sparekasse_logo.jpg','0','da',1,'0000-00-00 00:00:00','0000-00-00 00:00:00'),(1151,3,31,1,'Boliglån','Boliglån',1,'dk/products/home-loans/Lollands_Bank_logo.jpg','0','da',1,'0000-00-00 00:00:00','0000-00-00 00:00:00'),(1152,3,32,1,'Boligprioritet','Boligprioritet',1,'dk/products/home-loans/Lån _ Spar_logo.jpg','https://www.lsb.dk/lsb/content/produkter/priser/renter/Article','da',1,'0000-00-00 00:00:00','0000-00-00 00:00:00'),(1153,3,34,1,'Boliglån, almindelige','Boliglån, almindelige',1,'dk/products/home-loans/Merkur_logo.jpg','0','da',1,'0000-00-00 00:00:00','0000-00-00 00:00:00'),(1154,3,35,1,'Boliglån','Boliglån',1,'dk/products/home-loans/Middelfart_Sparekasse_logo.jpg','0','da',1,'0000-00-00 00:00:00','0000-00-00 00:00:00'),(1155,3,35,1,'Udbetalingslån','Udbetalingslån',1,'dk/products/home-loans/Middelfart_Sparekasse_logo.jpg','0','da',1,'0000-00-00 00:00:00','0000-00-00 00:00:00'),(1156,3,36,1,'Total Boliglån','Total Boliglån',1,'dk/products/home-loans/Møns_Bank_logo.jpg','https://www.moensbank.dk/om-moens-bank/medarbejdere-i-moens-bank/privatraadgivere-i-moens-bank','da',1,'0000-00-00 00:00:00','0000-00-00 00:00:00'),(1157,3,37,1,'Nordea Prioritet - boligkøb (Basiskunde)','Nordea Prioritet - boligkøb (Basiskunde)',1,'dk/products/home-loans/Nordea_logo.jpg','0','da',1,'0000-00-00 00:00:00','0000-00-00 00:00:00'),(1158,3,37,1,'Nordea Prioritet - boligkøb (Fordel+)','Nordea Prioritet - boligkøb (Fordel+)',1,'dk/products/home-loans/Nordea_logo.jpg','0','da',1,'0000-00-00 00:00:00','0000-00-00 00:00:00'),(1159,3,37,1,'Nordea Prioritet - boligkøb (Fordelskunde)','Nordea Prioritet - boligkøb (Fordelskunde)',1,'dk/products/home-loans/Nordea_logo.jpg','0','da',1,'0000-00-00 00:00:00','0000-00-00 00:00:00'),(1160,3,38,1,'Boliglån','Boliglån',1,'dk/products/home-loans/Nordfyns_Bank_logo.jpg','0','da',1,'0000-00-00 00:00:00','0000-00-00 00:00:00'),(1161,3,39,1,'Boliglån','Boliglån',1,'dk/products/home-loans/Nordjyske_Bank_logo.jpg','0','da',1,'0000-00-00 00:00:00','0000-00-00 00:00:00'),(1162,3,40,1,'Boliglån','Boliglån',1,'dk/products/home-loans/Nykredit_logo.jpg','https://www.nykredit.dk/privat/info/bank/boliglaan-med-loebetid-paa-30-aar.xml','da',1,'0000-00-00 00:00:00','0000-00-00 00:00:00'),(1163,3,40,1,'Boliglån (Pluskunde)','Boliglån (Pluskunde)',1,'dk/products/home-loans/Nykredit_logo.jpg','https://www.nykredit.dk/privat/info/bank/boliglaan-med-loebetid-paa-30-aar.xml','da',1,'0000-00-00 00:00:00','0000-00-00 00:00:00'),(1164,3,40,1,'Boliglån (Premiumkunde)','Boliglån (Premiumkunde)',1,'dk/products/home-loans/Nykredit_logo.jpg','https://www.nykredit.dk/privat/info/bank/boliglaan-med-loebetid-paa-30-aar.xml','da',1,'0000-00-00 00:00:00','0000-00-00 00:00:00'),(1165,3,40,1,'Friværdikonto','Friværdikonto',1,'dk/products/home-loans/Nykredit_logo.jpg','https://www.nykredit.dk/privat/info/bank/boliglaan-med-loebetid-paa-30-aar.xml','da',1,'0000-00-00 00:00:00','0000-00-00 00:00:00'),(1166,3,40,1,'Friværdikonto (Pluskunde)','Friværdikonto (Pluskunde)',1,'dk/products/home-loans/Nykredit_logo.jpg','https://www.nykredit.dk/privat/info/bank/boliglaan-med-loebetid-paa-30-aar.xml','da',1,'0000-00-00 00:00:00','0000-00-00 00:00:00'),(1167,3,40,1,'Friværdikonto (Premiumkunde)','Friværdikonto (Premiumkunde)',1,'dk/products/home-loans/Nykredit_logo.jpg','https://www.nykredit.dk/privat/info/bank/boliglaan-med-loebetid-paa-30-aar.xml','da',1,'0000-00-00 00:00:00','0000-00-00 00:00:00'),(1168,3,41,1,'Boliglån - variabel rente','Boliglån - variabel rente',1,'dk/products/home-loans/Nørresundby_Bank_logo.jpg','0','da',1,'0000-00-00 00:00:00','0000-00-00 00:00:00'),(1169,3,86,1,'Boliglån - ejerbolig','Boliglån - ejerbolig',1,'dk/products/home-loans/Pensam_logo.jpg','https://www2.pensam.dk/bank/kontakt_os/Pages/ring-mig-op.aspx','da',1,'0000-00-00 00:00:00','0000-00-00 00:00:00'),(1170,3,42,1,'Boligkøbslån','Boligkøbslån',1,'dk/products/home-loans/Ringkjøbing_Landbobank_logo.jpg','0','da',1,'0000-00-00 00:00:00','0000-00-00 00:00:00'),(1171,3,42,1,'Boliglån - sikkerhed','Boliglån - sikkerhed',1,'dk/products/home-loans/Ringkjøbing_Landbobank_logo.jpg','0','da',1,'0000-00-00 00:00:00','0000-00-00 00:00:00'),(1172,3,42,1,'Boliglån','Boliglån',1,'dk/products/home-loans/Ringkjøbing_Landbobank_logo.jpg','0','da',1,'0000-00-00 00:00:00','0000-00-00 00:00:00'),(1173,3,87,1,'Boliglån','Boliglån',1,'dk/products/home-loans/Rise_Sparekasse_logo.jpg','0','da',1,'0000-00-00 00:00:00','0000-00-00 00:00:00'),(1174,3,88,1,'Boliglån','Boliglån',1,'dk/products/home-loans/Rønde_Sparekasse_logo.jpg','0','da',1,'0000-00-00 00:00:00','0000-00-00 00:00:00'),(1175,3,45,1,'Boligfinansiering','Boligfinansiering',1,'dk/products/home-loans/Salling_Bank_logo.jpg','0','da',1,'0000-00-00 00:00:00','0000-00-00 00:00:00'),(1176,3,90,1,'Boliglån','Boliglån',1,'dk/products/home-loans/SAXO_Bank_logo.jpg','https://dk.saxobank.com/kontakt-os/kontakt','da',1,'0000-00-00 00:00:00','0000-00-00 00:00:00'),(1177,3,48,1,'Boliglån (Bolig MAX)','Boliglån (Bolig MAX)',1,'dk/products/home-loans/Skjern_Bank_logo.jpg','0','da',1,'0000-00-00 00:00:00','0000-00-00 00:00:00'),(1178,3,92,1,'Boliglån','Boliglån',1,'dk/products/home-loans/Spar_Nord_logo.jpg','https://www.sparnord.dk/privat/produkter/laan-kredit/bolig/spar-nord-boliglaan.aspx','da',1,'0000-00-00 00:00:00','0000-00-00 00:00:00'),(1179,3,92,1,'Boliglån (Stjernekunder min. 28 år)','Boliglån (Stjernekunder min. 28 år)',1,'dk/products/home-loans/Spar_Nord_logo.jpg','https://www.sparnord.dk/privat/produkter/laan-kredit/bolig/spar-nord-boliglaan.aspx','da',1,'0000-00-00 00:00:00','0000-00-00 00:00:00'),(1180,3,92,1,'Friværdikredit Stjernekunder (min. 28 år)','Friværdikredit Stjernekunder (min. 28 år)',1,'dk/products/home-loans/Spar_Nord_logo.jpg','https://www.sparnord.dk/privat/produkter/laan-kredit/bolig/spar-nord-boliglaan.aspx','da',1,'0000-00-00 00:00:00','0000-00-00 00:00:00'),(1181,3,92,1,'Friværdikredit Stjernekunder (min. 28 år, eng. over 250.000 kr., 1 prioritets pant til banken)','Friværdikredit Stjernekunder (min. 28 år, eng. over 250.000 kr., 1 prioritets pant til banken)',1,'dk/products/home-loans/Spar_Nord_logo.jpg','https://www.sparnord.dk/privat/produkter/laan-kredit/bolig/spar-nord-boliglaan.aspx','da',1,'0000-00-00 00:00:00','0000-00-00 00:00:00'),(1182,3,93,1,'Boliglån','Boliglån',1,'dk/products/home-loans/Sparekassen_Balling_logo.jpg','0','da',1,'0000-00-00 00:00:00','0000-00-00 00:00:00'),(1183,3,94,1,'Boliglån','Boliglån',1,'dk/products/home-loans/Sparekassen_Bedebro_logo.jpg','0','da',1,'0000-00-00 00:00:00','0000-00-00 00:00:00'),(1184,3,95,1,'Boliglån','Boliglån',1,'dk/products/home-loans/Sparekassen_Djursland_logo.jpg','0','da',1,'0000-00-00 00:00:00','0000-00-00 00:00:00'),(1185,3,50,1,'Boliglån','Boliglån',1,'dk/products/home-loans/Sparekaasen_Faaborg_logo.jpg','0','da',1,'0000-00-00 00:00:00','0000-00-00 00:00:00'),(1186,3,96,1,'Boligkøbslån','Boligkøbslån',1,'dk/products/home-loans/Sparekassen_for_Nr_Nebel_og_Omegn.jpg','0','da',1,'0000-00-00 00:00:00','0000-00-00 00:00:00'),(1187,3,96,1,'Sparelån','Sparelån',1,'dk/products/home-loans/Sparekassen_for_Nr_Nebel_og_Omegn.jpg','0','da',1,'0000-00-00 00:00:00','0000-00-00 00:00:00'),(1188,3,53,1,'Boliglån','Boliglån',1,'dk/products/home-loans/Sparekassen_Kronjylland_logo.jpg','0','da',1,'0000-00-00 00:00:00','0000-00-00 00:00:00'),(1189,3,54,1,'Boliglån','Boliglån',1,'dk/products/home-loans/Sparekassen_Sjælland_loge.jpg','0','da',1,'0000-00-00 00:00:00','0000-00-00 00:00:00'),(1190,3,54,1,'Boliglån, ejendomskøb','Boliglån, ejendomskøb',1,'dk/products/home-loans/Sparekassen_Sjælland_loge.jpg','0','da',1,'0000-00-00 00:00:00','0000-00-00 00:00:00'),(1191,3,54,1,'Boliglån, ejendomskøb ','Boliglån, ejendomskøb ',1,'dk/products/home-loans/Sparekassen_Sjælland_loge.jpg','0','da',1,'0000-00-00 00:00:00','0000-00-00 00:00:00'),(1192,3,97,1,'BoliglånPlus','BoliglånPlus',1,'dk/products/home-loans/Sparekassen_Thy_logo.jpg','0','da',1,'0000-00-00 00:00:00','0000-00-00 00:00:00'),(1193,3,98,1,'Boliglån','Boliglån',1,'dk/products/home-loans/Sparekassen_Vendsyssel_logo.jpg','0','da',1,'0000-00-00 00:00:00','0000-00-00 00:00:00'),(1194,3,99,1,'Boliglån','Boliglån',1,'dk/products/home-loans/Sparekassen_Stadil.jpg','0','da',1,'0000-00-00 00:00:00','0000-00-00 00:00:00'),(1195,3,58,1,'Boliglån','Boliglån',1,'dk/products/home-loans/Sydbank_logo.jpg','0','da',1,'0000-00-00 00:00:00','0000-00-00 00:00:00'),(1196,3,102,1,'Boliglån','Boliglån',1,'dk/products/home-loans/Søby-Skader-Halling_Sparekasse_logo.jpg','0','da',1,'0000-00-00 00:00:00','0000-00-00 00:00:00'),(1197,3,103,1,'Boliglån','Boliglån',1,'dk/products/home-loans/Sønderhå-Hørsted_Sparekasse_logo.jpeg','0','da',1,'0000-00-00 00:00:00','0000-00-00 00:00:00'),(1198,3,59,1,'Boligfinansiering','Boligfinansiering',1,'dk/products/home-loans/Totalbanken_logo.jpg','0','da',1,'0000-00-00 00:00:00','0000-00-00 00:00:00'),(1199,3,105,1,'Boliglån','Boliglån',1,'dk/products/home-loans/VestjyskBANK_logo.jpg','https://www.vestjyskbank.dk/bolig/faa-det-bedste-boliglaan.aspx','da',1,'0000-00-00 00:00:00','0000-00-00 00:00:00'),(1200,3,106,1,'Boliglån','Boliglån',1,'dk/products/home-loans/Vistoft_Sparekasse_logo.jpg','0','da',1,'0000-00-00 00:00:00','0000-00-00 00:00:00'),(1201,3,107,1,'Boliglån','Boliglån',1,'dk/products/home-loans/Vorbasse_Hejnsvig_Sparekasse_logo.jpg','0','da',1,'0000-00-00 00:00:00','0000-00-00 00:00:00'),(1202,3,107,1,'Energilån','Energilån',1,'dk/products/home-loans/Vorbasse_Hejnsvig_Sparekasse_logo.jpg','0','da',1,'0000-00-00 00:00:00','0000-00-00 00:00:00'),(1203,3,109,1,'Boliglun','Boliglån',1,'dk/products/home-loans/Østjydsk_Bank_logo.jpg','0','da',1,'0000-00-00 00:00:00','2014-04-03 11:08:11'),(1393,3,109,1,'test',NULL,0,'dk/products/credit-card/Accept-Card-rv.png','test','da',1,'2014-06-09 20:51:45','0000-00-00 00:00:00'),(1394,3,109,1,'test',NULL,0,'dk/products/credit-card/Accept-Card-rv.png','test','da',1,'2014-06-09 21:09:55','0000-00-00 00:00:00'),(1395,3,109,1,'test',NULL,0,'dk/products/credit-card/Accept-Card-rv.png','test','da',1,'2014-06-09 22:07:15','0000-00-00 00:00:00'),(1396,3,109,1,'test',NULL,0,'dk/products/credit-card/Accept-Card-rv.png','test','da',1,'2014-06-09 22:09:23','0000-00-00 00:00:00'),(1397,3,109,1,'test',NULL,0,'dk/products/credit-card/Accept-Card-rv.png','test','da',1,'2014-06-09 22:23:50','0000-00-00 00:00:00'),(1398,3,109,1,'test',NULL,0,'dk/products/credit-card/Accept-Card-rv.png','test','da',1,'2014-06-09 22:24:55','0000-00-00 00:00:00'),(1399,3,109,1,'test',NULL,0,'dk/products/credit-card/Accept-Card-rv.png','test','da',1,'2014-06-09 22:35:10','0000-00-00 00:00:00'),(1400,3,109,1,'test',NULL,0,'dk/products/credit-card/Accept-Card-rv.png','test','da',1,'2014-06-09 23:07:14','0000-00-00 00:00:00'),(1401,3,109,1,'test',NULL,0,'dk/products/credit-card/Accept-Card-rv.png','test','da',1,'2014-06-09 23:08:02','0000-00-00 00:00:00'),(1402,3,109,1,'test',NULL,0,'dk/products/credit-card/Accept-Card-rv.png','test','da',1,'2014-06-10 00:30:13','0000-00-00 00:00:00'),(1403,3,109,1,'test',NULL,0,'dk/products/credit-card/Accept-Card-rv.png','test','da',1,'2014-06-10 00:31:45','0000-00-00 00:00:00'),(1404,1,109,1,'test',NULL,0,'dk/products/credit-card/Accept-Card-rv.png','test','da',1,'2014-06-10 19:44:13','0000-00-00 00:00:00'),(1405,3,109,1,'test',NULL,0,'dk/products/credit-card/Accept-Card-rv.png','test','da',1,'2014-06-19 01:46:42','0000-00-00 00:00:00'),(1406,3,109,1,'test',NULL,0,'dk/products/credit-card/Accept-Card-rv.png','test','da',1,'2014-06-19 04:32:56','0000-00-00 00:00:00'),(1407,3,109,1,'test',NULL,0,'dk/products/credit-card/Accept-Card-rv.png','test','da',1,'2014-06-19 05:45:25','0000-00-00 00:00:00');
/*!40000 ALTER TABLE `products` ENABLE KEYS */;
UNLOCK TABLES;

--
-- Table structure for table `users`
--

DROP TABLE IF EXISTS `users`;
/*!40101 SET @saved_cs_client     = @@character_set_client */;
/*!40101 SET character_set_client = utf8 */;
CREATE TABLE `users` (
  `id` int(11) NOT NULL AUTO_INCREMENT,
  `group_id` int(11) NOT NULL,
  `email_address` varchar(50) NOT NULL,
  `first_name` varchar(45) NOT NULL,
  `last_name` varchar(45) NOT NULL,
  `password` varchar(32) NOT NULL,
  `salt` varchar(100) NOT NULL,
  `hash` varchar(100) NOT NULL,
  `status` tinyint(4) NOT NULL DEFAULT '0',
  `created` timestamp NOT NULL DEFAULT '0000-00-00 00:00:00',
  `modified` timestamp NOT NULL DEFAULT CURRENT_TIMESTAMP ON UPDATE CURRENT_TIMESTAMP,
  PRIMARY KEY (`id`),
  UNIQUE KEY `email_uk` (`email_address`),
  KEY `group_id_idx` (`group_id`)
) ENGINE=InnoDB AUTO_INCREMENT=5 DEFAULT CHARSET=utf8;
/*!40101 SET character_set_client = @saved_cs_client */;

--
-- Dumping data for table `users`
--

LOCK TABLES `users` WRITE;
/*!40000 ALTER TABLE `users` DISABLE KEYS */;
INSERT INTO `users` VALUES (3,1,'alexis.quinto@yahoo.com','Alexis','Quinto','84d24b2d5672bfb7bfc2cef20dca03cd','iB0BN8aGaz4JYjZ','sha256:1000:mTmixlnUGUcDLUYSxjxLijb/XHVExvQI:uV74I8ONA4TZg4quKHA+Pac0/7wBmHnj',1,'2014-06-24 01:01:41','0000-00-00 00:00:00'),(4,1,'sarah.sampan@novafabrik.com','Sarah','Sampan','8946c3018513c646f36c94ab3ccba7ac','7jHlfb0*suKI5fD','sha256:1000:nXJYXT0dGL3l/QDof2vS+tUThgFmaCdI:L/hIUvzk9GFJ8DFAP4cZQcvlQ5awH806',1,'2014-06-24 16:58:50','0000-00-00 00:00:00');
/*!40000 ALTER TABLE `users` ENABLE KEYS */;
UNLOCK TABLES;
/*!40103 SET TIME_ZONE=@OLD_TIME_ZONE */;

/*!40101 SET SQL_MODE=@OLD_SQL_MODE */;
/*!40014 SET FOREIGN_KEY_CHECKS=@OLD_FOREIGN_KEY_CHECKS */;
/*!40014 SET UNIQUE_CHECKS=@OLD_UNIQUE_CHECKS */;
/*!40101 SET CHARACTER_SET_CLIENT=@OLD_CHARACTER_SET_CLIENT */;
/*!40101 SET CHARACTER_SET_RESULTS=@OLD_CHARACTER_SET_RESULTS */;
/*!40101 SET COLLATION_CONNECTION=@OLD_COLLATION_CONNECTION */;
/*!40111 SET SQL_NOTES=@OLD_SQL_NOTES */;

-- Dump completed on 2014-07-03  8:15:34
